case_id,category,model,sample_kind,error_message,setup_ok,precondition_passed,solution_executed,solution_stdout,solution_stderr,oracle_passed,oracle_output
q59161183,compatibility,reference_solution,fixture,,True,True,True,"[solution] CRI-O keeps its images in the containers/storage store under
[solution] /var/lib/containers/storage -- a different store from the one a
[solution] Docker engine uses. skopeo can write straight into it, but only
[solution] as root: without sudo it would write to the user's own rootless
[solution] store, which CRI-O never reads.
[solution] Importing the 'docker save' tarball into CRI-O's store...
Getting image source signatures
Copying blob sha256:65eafce4a32c331d25d90de722630d20c054bd5e8e6b099efac3c0be6c928b22
Copying config sha256:d0d6b517f08a771410c6042cbe96f56faf321ef9a7313a8b8e1d1b0996f3330d
Writing manifest to image destination
Storing signatures
[solution] CRI-O must now list it (no restart needed):
localhost/bench59161183/app   local               d0d6b517f08a7       564kB
[solution] writing the smallest valid pod-config.json...
[solution] writing the smallest valid container-config.json (no command:
[solution] the image's own entrypoint is what should run)...
[solution] creating the pod sandbox, then the container inside it, then
[solution] starting it. (Spelled out as three steps because the image is
[solution] only known locally; nothing here asks a registry for it.)
c093dc9c9da15b1152a52caa7adbd36ab636944f43587514717f7bbf54f1c330
[solution] done.
","time=""2026-10-03T23:49:57-05:00"" level=info msg=""[graphdriver] using prior storage driver: overlay""
time=""2026-10-03T23:49:57-05:00"" level=warning msg=""cgroup_parent is not set. Use `runtime-config` to get the runtime cgroup driver""
time=""2026-10-03T23:49:57-05:00"" level=warning msg=""cgroup_parent is not set. Use `runtime-config` to get the runtime cgroup driver""
",True,"[oracle] check 0: CRI-O must be up and answering on its own socket...
  -> OK
[oracle] check 1: the tarball must be untouched (the image has to come
[oracle]          from it, not from something regenerated)...
  -> OK
[oracle] check 2: CRI-O's own image store must list 'localhost/bench59161183/app:local'...
  -> OK (d0d6b517f08a771410c6042cbe96f56faf321ef9a7313a8b8e1d1b0996f3330d)
[oracle] check 3: that entry must be THE image from the tarball (its id is
[oracle]          the sha256 of the tarball's config blob, recorded at setup)
[oracle]          -- not another image retagged or rebuilt under that name...
  -> OK
[oracle] check 4: exactly one pod sandbox named 'bench59161183-pod', SANDBOX_READY...
  -> OK (053cd2ae5359bcd12fa1b1528fa4b800547777c5f57b8b034d58a8a8d52e89ae)
[oracle] check 5: exactly one container named 'bench59161183', inside that
[oracle]          pod, CONTAINER_RUNNING...
  -> OK (c093dc9c9da15b1152a52caa7adbd36ab636944f43587514717f7bbf54f1c330)
[oracle] check 6: the container must have been created from the imported
[oracle]          image (same image id, referenced by the required name)...
  -> OK
[oracle] check 7: it must run the image's own entrypoint (no overridden
[oracle]          command), and that OS-level process must really be alive...
  -> OK (pid 7938)
[oracle] check 8: the container's log must contain the per-run token that
[oracle]          exists only inside the imported image (waits up to 10s)...
  -> OK
[oracle] ALL CHECKS PASSED
"
q59161183,compatibility,no_op_baseline,fixture,"oracle failed: [oracle] check 0: CRI-O must be up and answering on its own socket...
  -> OK
[oracle] check 1: the tarball must be untouched (the image has to come
[oracle]          from it, not from something regenerated)...
  -> OK
[oracle] check 2: CRI-O's own image store must list 'localhost/bench59161183/app:local'...
  -> FAIL: 'crictl images' does not list localhost/bench59161183/app:local",True,True,False,,no code provided (no-op sample),False,"[oracle] check 0: CRI-O must be up and answering on its own socket...
  -> OK
[oracle] check 1: the tarball must be untouched (the image has to come
[oracle]          from it, not from something regenerated)...
  -> OK
[oracle] check 2: CRI-O's own image store must list 'localhost/bench59161183/app:local'...
  -> FAIL: 'crictl images' does not list localhost/bench59161183/app:local
"
q59161183,compatibility,alt_valid_podman_load_as_root,fixture,,True,True,True,"Loaded image(s): localhost/bench59161183/app:local
3c30b78aff6c772503f836e6e66d0b6020037568325647001e534ac43e54a62b
","time=""2026-10-03T23:50:07-05:00"" level=warning msg=""Error validating CNI config file /etc/cni/net.d/nerdctl-bridge.conflist: [plugin firewall does not support config version \""1.0.0\""]""
Getting image source signatures
Copying blob sha256:e629239df10c3c0dfb4363cca5c2d26d2ea617f63e14475c217e4f9f38130504
Copying config sha256:cef8e2a7305e86a09cd390c4731702b382386a5026feff5501d101ac285ea5ba
Writing manifest to image destination
Storing signatures
time=""2026-10-03T23:50:07-05:00"" level=warning msg=""cgroup_parent is not set. Use `runtime-config` to get the runtime cgroup driver""
time=""2026-10-03T23:50:07-05:00"" level=warning msg=""cgroup_parent is not set. Use `runtime-config` to get the runtime cgroup driver""
",True,"[oracle] check 0: CRI-O must be up and answering on its own socket...
  -> OK
[oracle] check 1: the tarball must be untouched (the image has to come
[oracle]          from it, not from something regenerated)...
  -> OK
[oracle] check 2: CRI-O's own image store must list 'localhost/bench59161183/app:local'...
  -> OK (cef8e2a7305e86a09cd390c4731702b382386a5026feff5501d101ac285ea5ba)
[oracle] check 3: that entry must be THE image from the tarball (its id is
[oracle]          the sha256 of the tarball's config blob, recorded at setup)
[oracle]          -- not another image retagged or rebuilt under that name...
  -> OK
[oracle] check 4: exactly one pod sandbox named 'bench59161183-pod', SANDBOX_READY...
  -> OK (049b4f996861ee2c48b55596b1986870a75b73ea53cf7ff10c599a4a42db7dcd)
[oracle] check 5: exactly one container named 'bench59161183', inside that
[oracle]          pod, CONTAINER_RUNNING...
  -> OK (3c30b78aff6c772503f836e6e66d0b6020037568325647001e534ac43e54a62b)
[oracle] check 6: the container must have been created from the imported
[oracle]          image (same image id, referenced by the required name)...
  -> OK
[oracle] check 7: it must run the image's own entrypoint (no overridden
[oracle]          command), and that OS-level process must really be alive...
  -> OK (pid 10624)
[oracle] check 8: the container's log must contain the per-run token that
[oracle]          exists only inside the imported image (waits up to 10s)...
  -> OK
[oracle] ALL CHECKS PASSED
"
q59161183,compatibility,wrong_ctr_import_into_containerd,fixture,"oracle failed: [oracle] check 0: CRI-O must be up and answering on its own socket...
  -> OK
[oracle] check 1: the tarball must be untouched (the image has to come
[oracle]          from it, not from something regenerated)...
  -> OK
[oracle] check 2: CRI-O's own image store must list 'localhost/bench59161183/app:local'...
  -> FAIL: 'crictl images' does not list localhost/bench59161183/app:local",True,True,False,"docker.io/bench59161183/app:local       	saved	
application/vnd.docker.distribution.manifest.v2+json sha256:7c6735357e8aefbff3902eda363af3a90c8310f9777630596b81534e6b613804
Importing	elapsed: 0.1 s	total:   0.0 B	(0.0 B/s)	
","time=""2026-10-03T23:50:12-05:00"" level=warning msg=""cgroup_parent is not set. Use `runtime-config` to get the runtime cgroup driver""
time=""2026-10-03T23:50:13-05:00"" level=warning msg=""cgroup_parent is not set. Use `runtime-config` to get the runtime cgroup driver""
E1003 23:50:13.019017   12104 log.go:32] ""CreateContainer in sandbox from runtime service failed"" err=""rpc error: code = Unknown desc = reference \""[overlay@/var/lib/containers/storage+/run/containers/storage]localhost/bench59161183/app:local\"" does not resolve to an image ID"" podSandboxID=""1ae7324bc0bcaa4dc1acbccb33007695c1f9aa4b39df600eb6b7179ab6ee31b1""
time=""2026-10-03T23:50:13-05:00"" level=fatal msg=""creating container: rpc error: code = Unknown desc = reference \""[overlay@/var/lib/containers/storage+/run/containers/storage]localhost/bench59161183/app:local\"" does not resolve to an image ID""
time=""2026-10-03T23:50:13-05:00"" level=fatal msg=""starting the container \""\"": ID cannot be empty""
",False,"[oracle] check 0: CRI-O must be up and answering on its own socket...
  -> OK
[oracle] check 1: the tarball must be untouched (the image has to come
[oracle]          from it, not from something regenerated)...
  -> OK
[oracle] check 2: CRI-O's own image store must list 'localhost/bench59161183/app:local'...
  -> FAIL: 'crictl images' does not list localhost/bench59161183/app:local
"
q59161183,compatibility,wrong_podman_load_without_sudo,fixture,"oracle failed: [oracle] check 0: CRI-O must be up and answering on its own socket...
  -> OK
[oracle] check 1: the tarball must be untouched (the image has to come
[oracle]          from it, not from something regenerated)...
  -> OK
[oracle] check 2: CRI-O's own image store must list 'localhost/bench59161183/app:local'...
  -> FAIL: 'crictl images' does not list localhost/bench59161183/app:local",True,True,False,"Loaded image(s): localhost/bench59161183/app:local
","Getting image source signatures
Copying blob sha256:07c50f894de4475f1b6667acddaf173453ed2e1679021a5b36a9baca9fdeff71
Copying config sha256:d8516ef8c61a21dc16206303b07caa6172be7c6f89a87a4b19ddbaec86a4c3ad
Writing manifest to image destination
Storing signatures
time=""2026-10-03T23:50:17-05:00"" level=warning msg=""cgroup_parent is not set. Use `runtime-config` to get the runtime cgroup driver""
time=""2026-10-03T23:50:18-05:00"" level=warning msg=""cgroup_parent is not set. Use `runtime-config` to get the runtime cgroup driver""
E1003 23:50:18.044131   13502 log.go:32] ""CreateContainer in sandbox from runtime service failed"" err=""rpc error: code = Unknown desc = reference \""[overlay@/var/lib/containers/storage+/run/containers/storage]localhost/bench59161183/app:local\"" does not resolve to an image ID"" podSandboxID=""5db3c0a450bd5f2cf1415fc29fb056adfe44d6e4cac995c65c2c87a61ce32a98""
time=""2026-10-03T23:50:18-05:00"" level=fatal msg=""creating container: rpc error: code = Unknown desc = reference \""[overlay@/var/lib/containers/storage+/run/containers/storage]localhost/bench59161183/app:local\"" does not resolve to an image ID""
time=""2026-10-03T23:50:18-05:00"" level=fatal msg=""starting the container \""\"": ID cannot be empty""
",False,"[oracle] check 0: CRI-O must be up and answering on its own socket...
  -> OK
[oracle] check 1: the tarball must be untouched (the image has to come
[oracle]          from it, not from something regenerated)...
  -> OK
[oracle] check 2: CRI-O's own image store must list 'localhost/bench59161183/app:local'...
  -> FAIL: 'crictl images' does not list localhost/bench59161183/app:local
"
q59161183,compatibility,wrong_crictl_pull_of_tarball,fixture,"oracle failed: [oracle] check 0: CRI-O must be up and answering on its own socket...
  -> OK
[oracle] check 1: the tarball must be untouched (the image has to come
[oracle]          from it, not from something regenerated)...
  -> OK
[oracle] check 2: CRI-O's own image store must list 'localhost/bench59161183/app:local'...
  -> FAIL: 'crictl images' does not list localhost/bench59161183/app:local",True,True,False,,"E1003 23:50:23.149437   14765 log.go:32] ""PullImage from image service failed"" err=""rpc error: code = Unknown desc = cannot parse input: \""/tmp/bench59161183/app.tar\"": invalid reference format"" image=""/tmp/bench59161183/app.tar""
time=""2026-10-03T23:50:23-05:00"" level=fatal msg=""pulling image: cannot parse input: \""/tmp/bench59161183/app.tar\"": invalid reference format""
time=""2026-10-03T23:50:23-05:00"" level=warning msg=""cgroup_parent is not set. Use `runtime-config` to get the runtime cgroup driver""
time=""2026-10-03T23:50:23-05:00"" level=warning msg=""cgroup_parent is not set. Use `runtime-config` to get the runtime cgroup driver""
E1003 23:50:23.219582   14891 log.go:32] ""CreateContainer in sandbox from runtime service failed"" err=""rpc error: code = Unknown desc = reference \""[overlay@/var/lib/containers/storage+/run/containers/storage]localhost/bench59161183/app:local\"" does not resolve to an image ID"" podSandboxID=""8005bced2edeb865ecdef25d25c2ae1afe92c34b7a749430c62ee6a384b5f119""
time=""2026-10-03T23:50:23-05:00"" level=fatal msg=""creating container: rpc error: code = Unknown desc = reference \""[overlay@/var/lib/containers/storage+/run/containers/storage]localhost/bench59161183/app:local\"" does not resolve to an image ID""
time=""2026-10-03T23:50:23-05:00"" level=fatal msg=""starting the container \""\"": ID cannot be empty""
",False,"[oracle] check 0: CRI-O must be up and answering on its own socket...
  -> OK
[oracle] check 1: the tarball must be untouched (the image has to come
[oracle]          from it, not from something regenerated)...
  -> OK
[oracle] check 2: CRI-O's own image store must list 'localhost/bench59161183/app:local'...
  -> FAIL: 'crictl images' does not list localhost/bench59161183/app:local
"
q59161183,compatibility,wrong_tag_imported_as_v1,fixture,"oracle failed: [oracle] check 0: CRI-O must be up and answering on its own socket...
  -> OK
[oracle] check 1: the tarball must be untouched (the image has to come
[oracle]          from it, not from something regenerated)...
  -> OK
[oracle] check 2: CRI-O's own image store must list 'localhost/bench59161183/app:local'...
  -> FAIL: 'crictl images' does not list localhost/bench59161183/app:local",True,True,False,"Getting image source signatures
Copying blob sha256:172f04d2d5b4231b68473ae201dbecafb7f2fd4980eecb7a52f0753617c02ed7
Copying config sha256:8f8be8889c6b1f93708628c46c9dcb352b2f5d78c118d319e5d0018b2890b505
Writing manifest to image destination
Storing signatures
","time=""2026-10-03T23:50:28-05:00"" level=info msg=""[graphdriver] using prior storage driver: overlay""
time=""2026-10-03T23:50:28-05:00"" level=warning msg=""cgroup_parent is not set. Use `runtime-config` to get the runtime cgroup driver""
time=""2026-10-03T23:50:28-05:00"" level=warning msg=""cgroup_parent is not set. Use `runtime-config` to get the runtime cgroup driver""
E1003 23:50:28.720077   16258 log.go:32] ""CreateContainer in sandbox from runtime service failed"" err=""rpc error: code = Unknown desc = reference \""[overlay@/var/lib/containers/storage+/run/containers/storage]localhost/bench59161183/app:local\"" does not resolve to an image ID"" podSandboxID=""a0d5e70828115eefe05d579303e4341123dda93a185fe169ff962c11e08a4664""
time=""2026-10-03T23:50:28-05:00"" level=fatal msg=""creating container: rpc error: code = Unknown desc = reference \""[overlay@/var/lib/containers/storage+/run/containers/storage]localhost/bench59161183/app:local\"" does not resolve to an image ID""
time=""2026-10-03T23:50:28-05:00"" level=fatal msg=""starting the container \""\"": ID cannot be empty""
",False,"[oracle] check 0: CRI-O must be up and answering on its own socket...
  -> OK
[oracle] check 1: the tarball must be untouched (the image has to come
[oracle]          from it, not from something regenerated)...
  -> OK
[oracle] check 2: CRI-O's own image store must list 'localhost/bench59161183/app:local'...
  -> FAIL: 'crictl images' does not list localhost/bench59161183/app:local
"
q59161183,compatibility,partial_import_only_no_pod,fixture,"oracle failed: h59161183/app:local'...
  -> OK (ccb546ae80bfa2ae0fda8dbf63d350f1d1505d5c96d229c94bfa9dfc7a9eaa2b)
[oracle] check 3: that entry must be THE image from the tarball (its id is
[oracle]          the sha256 of the tarball's config blob, recorded at setup)
[oracle]          -- not another image retagged or rebuilt under that name...
  -> OK
[oracle] check 4: exactly one pod sandbox named 'bench59161183-pod', SANDBOX_READY...
  -> FAIL: expected exactly 1 pod sandbox named 'bench59161183-pod', found 0",True,True,True,"Getting image source signatures
Copying blob sha256:fd099f541823a818593abc591776a6cc3f0276ea0f41af8a3eff526256e3c4c9
Copying config sha256:ccb546ae80bfa2ae0fda8dbf63d350f1d1505d5c96d229c94bfa9dfc7a9eaa2b
Writing manifest to image destination
Storing signatures
localhost/bench59161183/app   local               ccb546ae80bfa       564kB
","time=""2026-10-03T23:50:33-05:00"" level=info msg=""[graphdriver] using prior storage driver: overlay""
",False,"[oracle] check 0: CRI-O must be up and answering on its own socket...
  -> OK
[oracle] check 1: the tarball must be untouched (the image has to come
[oracle]          from it, not from something regenerated)...
  -> OK
[oracle] check 2: CRI-O's own image store must list 'localhost/bench59161183/app:local'...
  -> OK (ccb546ae80bfa2ae0fda8dbf63d350f1d1505d5c96d229c94bfa9dfc7a9eaa2b)
[oracle] check 3: that entry must be THE image from the tarball (its id is
[oracle]          the sha256 of the tarball's config blob, recorded at setup)
[oracle]          -- not another image retagged or rebuilt under that name...
  -> OK
[oracle] check 4: exactly one pod sandbox named 'bench59161183-pod', SANDBOX_READY...
  -> FAIL: expected exactly 1 pod sandbox named 'bench59161183-pod', found 0
"
q59161183,compatibility,naive_crictl_pull_by_name,fixture,"oracle failed: [oracle] check 0: CRI-O must be up and answering on its own socket...
  -> OK
[oracle] check 1: the tarball must be untouched (the image has to come
[oracle]          from it, not from something regenerated)...
  -> OK
[oracle] check 2: CRI-O's own image store must list 'localhost/bench59161183/app:local'...
  -> FAIL: 'crictl images' does not list localhost/bench59161183/app:local",True,True,False,,"E1003 23:50:39.912983   18719 log.go:32] ""PullImage from image service failed"" err=""rpc error: code = Unknown desc = unable to pull image or OCI artifact: pull image err: initializing source docker://bench59161183/app:local: reading manifest local in docker.io/bench59161183/app: requested access to the resource is denied; artifact err: get manifest: build image source: reading manifest local in docker.io/bench59161183/app: requested access to the resource is denied"" image=""bench59161183/app:local""
time=""2026-10-03T23:50:39-05:00"" level=fatal msg=""pulling image: unable to pull image or OCI artifact: pull image err: initializing source docker://bench59161183/app:local: reading manifest local in docker.io/bench59161183/app: requested access to the resource is denied; artifact err: get manifest: build image source: reading manifest local in docker.io/bench59161183/app: requested access to the resource is denied""
time=""2026-10-03T23:50:39-05:00"" level=warning msg=""cgroup_parent is not set. Use `runtime-config` to get the runtime cgroup driver""
time=""2026-10-03T23:50:40-05:00"" level=warning msg=""cgroup_parent is not set. Use `runtime-config` to get the runtime cgroup driver""
E1003 23:50:40.038864   18846 log.go:32] ""CreateContainer in sandbox from runtime service failed"" err=""rpc error: code = Unknown desc = reference \""[overlay@/var/lib/containers/storage+/run/containers/storage]localhost/bench59161183/app:local\"" does not resolve to an image ID"" podSandboxID=""3eb23d47e4bf17e627b06fd01fb667d2d794c054a0f286aa26a4694bb1221817""
time=""2026-10-03T23:50:40-05:00"" level=fatal msg=""creating container: rpc error: code = Unknown desc = reference \""[overlay@/var/lib/containers/storage+/run/containers/storage]localhost/bench59161183/app:local\"" does not resolve to an image ID""
time=""2026-10-03T23:50:40-05:00"" level=fatal msg=""starting the container \""\"": ID cannot be empty""
",False,"[oracle] check 0: CRI-O must be up and answering on its own socket...
  -> OK
[oracle] check 1: the tarball must be untouched (the image has to come
[oracle]          from it, not from something regenerated)...
  -> OK
[oracle] check 2: CRI-O's own image store must list 'localhost/bench59161183/app:local'...
  -> FAIL: 'crictl images' does not list localhost/bench59161183/app:local
"
q59161183,compatibility,wrong_docker_load,fixture,"oracle failed: [oracle] check 0: CRI-O must be up and answering on its own socket...
  -> OK
[oracle] check 1: the tarball must be untouched (the image has to come
[oracle]          from it, not from something regenerated)...
  -> OK
[oracle] check 2: CRI-O's own image store must list 'localhost/bench59161183/app:local'...
  -> FAIL: 'crictl images' does not list localhost/bench59161183/app:local",True,True,False,,"Cannot connect to the Docker daemon at unix:///var/run/docker.sock. Is the docker daemon running?
time=""2026-10-03T23:50:45-05:00"" level=warning msg=""cgroup_parent is not set. Use `runtime-config` to get the runtime cgroup driver""
time=""2026-10-03T23:50:45-05:00"" level=warning msg=""cgroup_parent is not set. Use `runtime-config` to get the runtime cgroup driver""
E1003 23:50:45.077986   20200 log.go:32] ""CreateContainer in sandbox from runtime service failed"" err=""rpc error: code = Unknown desc = reference \""[overlay@/var/lib/containers/storage+/run/containers/storage]localhost/bench59161183/app:local\"" does not resolve to an image ID"" podSandboxID=""0ff393a944e787a732e19874ea72207b9891ac6fbdd7c918259edb704c694d96""
time=""2026-10-03T23:50:45-05:00"" level=fatal msg=""creating container: rpc error: code = Unknown desc = reference \""[overlay@/var/lib/containers/storage+/run/containers/storage]localhost/bench59161183/app:local\"" does not resolve to an image ID""
time=""2026-10-03T23:50:45-05:00"" level=fatal msg=""starting the container \""\"": ID cannot be empty""
",False,"[oracle] check 0: CRI-O must be up and answering on its own socket...
  -> OK
[oracle] check 1: the tarball must be untouched (the image has to come
[oracle]          from it, not from something regenerated)...
  -> OK
[oracle] check 2: CRI-O's own image store must list 'localhost/bench59161183/app:local'...
  -> FAIL: 'crictl images' does not list localhost/bench59161183/app:local
"
q59161183,compatibility,cheating_rebuild_image_same_tag,fixture,"oracle failed: > OK (dab9b0aa0376f39fb0c5ea4ea054d2bde93dec1de36af86767d670f658eefe6f)
[oracle] check 3: that entry must be THE image from the tarball (its id is
[oracle]          the sha256 of the tarball's config blob, recorded at setup)
[oracle]          -- not another image retagged or rebuilt under that name...
  -> FAIL: localhost/bench59161183/app:local has image id dab9b0aa0376f39fb0c5ea4ea054d2bde93dec1de36af86767d670f658eefe6f, expected bcc969223072f7314519d244a3b9ebb3e64c72b784930655286e7f45c10c1d7a",True,True,True,"sha256:dab9b0aa0376f39fb0c5ea4ea054d2bde93dec1de36af86767d670f658eefe6f
9b1407678f500e38d4b8a1157e52034847f01a773200e54dec09422d5875c4dd
","time=""2026-10-03T23:50:49-05:00"" level=warning msg=""Error validating CNI config file /etc/cni/net.d/nerdctl-bridge.conflist: [plugin firewall does not support config version \""1.0.0\""]""
Getting image source signatures
Copying blob sha256:16594405cc76a3fa4c2b9e6def1b69154b25889c87b879975b52394789114537
Copying config sha256:dab9b0aa0376f39fb0c5ea4ea054d2bde93dec1de36af86767d670f658eefe6f
Writing manifest to image destination
Storing signatures
time=""2026-10-03T23:50:49-05:00"" level=warning msg=""cgroup_parent is not set. Use `runtime-config` to get the runtime cgroup driver""
time=""2026-10-03T23:50:50-05:00"" level=warning msg=""cgroup_parent is not set. Use `runtime-config` to get the runtime cgroup driver""
",False,"[oracle] check 0: CRI-O must be up and answering on its own socket...
  -> OK
[oracle] check 1: the tarball must be untouched (the image has to come
[oracle]          from it, not from something regenerated)...
  -> OK
[oracle] check 2: CRI-O's own image store must list 'localhost/bench59161183/app:local'...
  -> OK (dab9b0aa0376f39fb0c5ea4ea054d2bde93dec1de36af86767d670f658eefe6f)
[oracle] check 3: that entry must be THE image from the tarball (its id is
[oracle]          the sha256 of the tarball's config blob, recorded at setup)
[oracle]          -- not another image retagged or rebuilt under that name...
  -> FAIL: localhost/bench59161183/app:local has image id dab9b0aa0376f39fb0c5ea4ea054d2bde93dec1de36af86767d670f658eefe6f, expected bcc969223072f7314519d244a3b9ebb3e64c72b784930655286e7f45c10c1d7a
"
q59161183,compatibility,cheating_run_with_podman_not_crio,fixture,"oracle failed: h59161183/app:local'...
  -> OK (1015687f30487d0532e4276e842bc5df64de136d7b754ccd9660651859bd8353)
[oracle] check 3: that entry must be THE image from the tarball (its id is
[oracle]          the sha256 of the tarball's config blob, recorded at setup)
[oracle]          -- not another image retagged or rebuilt under that name...
  -> OK
[oracle] check 4: exactly one pod sandbox named 'bench59161183-pod', SANDBOX_READY...
  -> FAIL: expected exactly 1 pod sandbox named 'bench59161183-pod', found 0",True,True,True,"Loaded image(s): localhost/bench59161183/app:local
4b82828273b7466b0c8e3f91a17c453d482097e720ba8ce543ab9890e237b37c
","time=""2026-10-03T23:50:55-05:00"" level=warning msg=""Error validating CNI config file /etc/cni/net.d/nerdctl-bridge.conflist: [plugin firewall does not support config version \""1.0.0\""]""
Getting image source signatures
Copying blob sha256:18183010442f971b6804cd023303b00370539a009d88e4bb9d7c6980cf8dc68f
Copying config sha256:1015687f30487d0532e4276e842bc5df64de136d7b754ccd9660651859bd8353
Writing manifest to image destination
Storing signatures
time=""2026-10-03T23:50:55-05:00"" level=warning msg=""Error validating CNI config file /etc/cni/net.d/nerdctl-bridge.conflist: [plugin firewall does not support config version \""1.0.0\""]""
",False,"[oracle] check 0: CRI-O must be up and answering on its own socket...
  -> OK
[oracle] check 1: the tarball must be untouched (the image has to come
[oracle]          from it, not from something regenerated)...
  -> OK
[oracle] check 2: CRI-O's own image store must list 'localhost/bench59161183/app:local'...
  -> OK (1015687f30487d0532e4276e842bc5df64de136d7b754ccd9660651859bd8353)
[oracle] check 3: that entry must be THE image from the tarball (its id is
[oracle]          the sha256 of the tarball's config blob, recorded at setup)
[oracle]          -- not another image retagged or rebuilt under that name...
  -> OK
[oracle] check 4: exactly one pod sandbox named 'bench59161183-pod', SANDBOX_READY...
  -> FAIL: expected exactly 1 pod sandbox named 'bench59161183-pod', found 0
"
q65650082,compatibility,reference_solution,fixture,,True,True,True,"[solution] crictl has no docker-style 'crictl run <image>' one-liner --
[solution] the CRI splits a container into two objects (PodSandbox +
[solution] Container), so 'crictl run' always needs a container-config
[solution] AND a pod-config JSON file, even for the simplest case.
[solution] Writing the smallest valid pod-config.json...
[solution] writing the smallest valid container-config.json...
[solution] creating + starting the pod sandbox AND the container in a
[solution] single 'crictl run' call (this also auto-pulls the image if
[solution] it isn't already cached)...
1683a4d22a5ab57bbc69986c7bef45160727c1d80d48b17906af5510bdc89c8d
[solution] done.
","time=""2026-10-03T23:51:10-05:00"" level=warning msg=""cgroup_parent is not set. Use `runtime-config` to get the runtime cgroup driver""
time=""2026-10-03T23:51:10-05:00"" level=warning msg=""cgroup_parent is not set. Use `runtime-config` to get the runtime cgroup driver""
time=""2026-10-03T23:51:10-05:00"" level=info msg=""Pulling container image: docker.io/library/busybox:1.36""
",True,"[oracle] check 0: crictl must be talking to a genuine, running CRI-O backend...
  -> OK (runtime-endpoint=unix:///var/run/crio/crio.sock)
  -> OK (crio.service active, crictl info succeeded)
[oracle] check 1: pod sandbox 'bench65650082-pod' must exist and be READY...
  -> OK (pod 615b3c056c7dd7aa8a9cfb510e41ddff5271161e20d1c80b21fccd2a7bb77e14 is SANDBOX_READY)
[oracle] check 2: container 'bench65650082' must exist, be RUNNING,
[oracle]          belong to that exact pod, and use the busybox image...
  -> OK (container 1683a4d22a5ab57bbc69986c7bef45160727c1d80d48b17906af5510bdc89c8d is CONTAINER_RUNNING)
  -> OK (image matches: docker.io/library/busybox:1.36)
  -> OK (container is linked to pod 615b3c056c7dd7aa8a9cfb510e41ddff5271161e20d1c80b21fccd2a7bb77e14)
[oracle] check 3: a real OS process must be alive and be the expected 'sleep' command...
  -> process cmdline: sleep 100000 
  -> OK (matches expected sleep process)
[oracle] ALL CHECKS PASSED
"
q65650082,compatibility,no_op_baseline,fixture,"oracle failed: [oracle] check 0: crictl must be talking to a genuine, running CRI-O backend...
  -> OK (runtime-endpoint=unix:///var/run/crio/crio.sock)
  -> OK (crio.service active, crictl info succeeded)
[oracle] check 1: pod sandbox 'bench65650082-pod' must exist and be READY...
  -> FAIL: no pod sandbox named 'bench65650082-pod' found",True,True,False,,no code provided (no-op sample),False,"[oracle] check 0: crictl must be talking to a genuine, running CRI-O backend...
  -> OK (runtime-endpoint=unix:///var/run/crio/crio.sock)
  -> OK (crio.service active, crictl info succeeded)
[oracle] check 1: pod sandbox 'bench65650082-pod' must exist and be READY...
  -> FAIL: no pod sandbox named 'bench65650082-pod' found
"
q65650082,compatibility,cheating_wrong_image,fixture,"oracle failed: check 1: pod sandbox 'bench65650082-pod' must exist and be READY...
  -> OK (pod f1f874ff520b7ac48a29159832f85556b53bf7229c33a45a130ec0891f580838 is SANDBOX_READY)
[oracle] check 2: container 'bench65650082' must exist, be RUNNING,
[oracle]          belong to that exact pod, and use the busybox image...
  -> OK (container b24fa39913b35e5fe3847060d56b196619e208fc980084cd3639df4f060113b2 is CONTAINER_RUNNING)
  -> FAIL: container image is 'docker.io/library/alpine:3.20', expected the busybox image",True,True,True,"Image is up to date for docker.io/library/alpine@sha256:45e09956dc667c5eff3583c9d94830261fb1ca0be10a0a7db36266edf5de9e1d
b24fa39913b35e5fe3847060d56b196619e208fc980084cd3639df4f060113b2
","time=""2026-10-03T23:51:19-05:00"" level=warning msg=""cgroup_parent is not set. Use `runtime-config` to get the runtime cgroup driver""
time=""2026-10-03T23:51:20-05:00"" level=warning msg=""cgroup_parent is not set. Use `runtime-config` to get the runtime cgroup driver""
time=""2026-10-03T23:51:20-05:00"" level=info msg=""Pulling container image: docker.io/library/alpine:3.20""
",False,"[oracle] check 0: crictl must be talking to a genuine, running CRI-O backend...
  -> OK (runtime-endpoint=unix:///var/run/crio/crio.sock)
  -> OK (crio.service active, crictl info succeeded)
[oracle] check 1: pod sandbox 'bench65650082-pod' must exist and be READY...
  -> OK (pod f1f874ff520b7ac48a29159832f85556b53bf7229c33a45a130ec0891f580838 is SANDBOX_READY)
[oracle] check 2: container 'bench65650082' must exist, be RUNNING,
[oracle]          belong to that exact pod, and use the busybox image...
  -> OK (container b24fa39913b35e5fe3847060d56b196619e208fc980084cd3639df4f060113b2 is CONTAINER_RUNNING)
  -> FAIL: container image is 'docker.io/library/alpine:3.20', expected the busybox image
"
q65650082,compatibility,naive_retry_bare_image,fixture,"oracle failed: [oracle] check 0: crictl must be talking to a genuine, running CRI-O backend...
  -> OK (runtime-endpoint=unix:///var/run/crio/crio.sock)
  -> OK (crio.service active, crictl info succeeded)
[oracle] check 1: pod sandbox 'bench65650082-pod' must exist and be READY...
  -> FAIL: no pod sandbox named 'bench65650082-pod' found",True,True,True,"NAME:
   crictl run - Run a new container inside a sandbox

USAGE:
   crictl run [command options] container-config.[json|yaml] pod-config.[json|yaml]

COMMANDS:
   jsonschema, js  Display the JSON schema for the pod or container config
   help, h         Shows a list of commands or help for one command

OPTIONS:
   --auth AUTH_STRING                Use AUTH_STRING for accessing the registry. AUTH_STRING is a base64 encoded 'USERNAME[:PASSWORD]'
   --cancel-timeout value, -T value  Seconds to wait for a container create request before cancelling the request (default: 0s)
   --creds USERNAME[:PASSWORD]       Use USERNAME[:PASSWORD] for accessing the registry
   --no-pull                         Do not pull the image (overrides disable-pull-on-run=false in config) (default: false)
   --pull-timeout value, --pt value  Maximum time to be used for pulling the image, disabled if set to 0s (default: 0s) [$CRICTL_PULL_TIMEOUT]
   --runtime value, -r value         Runtime handler to use. Available options are defined by the container runtime.
   --username USERNAME               Use USERNAME for accessing the registry. password will be requested
   --with-pull                       Pull the image (overrides disable-pull-on-run=true in config) (default: false)
   --help, -h                        show help
",,False,"[oracle] check 0: crictl must be talking to a genuine, running CRI-O backend...
  -> OK (runtime-endpoint=unix:///var/run/crio/crio.sock)
  -> OK (crio.service active, crictl info succeeded)
[oracle] check 1: pod sandbox 'bench65650082-pod' must exist and be READY...
  -> FAIL: no pod sandbox named 'bench65650082-pod' found
"
q66762671,compatibility,reference_solution,fixture,,True,True,True,,,True,"[oracle] check 0: Docker, its containerd and the container must be exactly as
[oracle]          setup left them (the task is look-only)...
  -> OK
[oracle] check 1: the report must exist and be a JSON object with the four keys
[oracle]          address, namespace, container_id and ctr_command (all
[oracle]          non-empty strings)...
  -> OK
[oracle] check 2: 'address' must be the socket of the containerd that Docker runs
[oracle]          on (not the system containerd's)...
  -> OK
[oracle] check 3: 'namespace' must be the containerd namespace that holds the
[oracle]          container...
  -> OK (moby)
[oracle] check 4: 'container_id' must be the full ID Docker reports (it differs
[oracle]          on every run, so it has to be read from the system)...
  -> OK
[oracle] check 5: 'ctr_command' must be a ctr command that, run as it stands by
[oracle]          the current user, lists the container...
  -> OK (sudo ctr --address /run/bench66762671/ctd-c0931bf5/containerd.sock --namespace moby containers ls)
[oracle] ALL CHECKS PASSED
"
q66762671,compatibility,no_op_baseline,fixture,"oracle failed: [oracle] check 0: Docker, its containerd and the container must be exactly as
[oracle]          setup left them (the task is look-only)...
  -> OK
[oracle] check 1: the report must exist and be a JSON object with the four keys
[oracle]          address, namespace, container_id and ctr_command (all
[oracle]          non-empty strings)...
  -> FAIL: /tmp/bench66762671/report.json does not exist or is empty",True,True,False,,no code provided (no-op sample),False,"[oracle] check 0: Docker, its containerd and the container must be exactly as
[oracle]          setup left them (the task is look-only)...
  -> OK
[oracle] check 1: the report must exist and be a JSON object with the four keys
[oracle]          address, namespace, container_id and ctr_command (all
[oracle]          non-empty strings)...
  -> FAIL: /tmp/bench66762671/report.json does not exist or is empty
"
q66762671,compatibility,naive_system_socket_moby_namespace,fixture,"oracle failed: y)...
  -> OK
[oracle] check 1: the report must exist and be a JSON object with the four keys
[oracle]          address, namespace, container_id and ctr_command (all
[oracle]          non-empty strings)...
  -> OK
[oracle] check 2: 'address' must be the socket of the containerd that Docker runs
[oracle]          on (not the system containerd's)...
  -> FAIL: the report says address '/run/containerd/containerd.sock', Docker's containerd listens on '/run/bench66762671/ctd-3ad0d2aa/containerd.sock'",True,True,True,,,False,"[oracle] check 0: Docker, its containerd and the container must be exactly as
[oracle]          setup left them (the task is look-only)...
  -> OK
[oracle] check 1: the report must exist and be a JSON object with the four keys
[oracle]          address, namespace, container_id and ctr_command (all
[oracle]          non-empty strings)...
  -> OK
[oracle] check 2: 'address' must be the socket of the containerd that Docker runs
[oracle]          on (not the system containerd's)...
  -> FAIL: the report says address '/run/containerd/containerd.sock', Docker's containerd listens on '/run/bench66762671/ctd-3ad0d2aa/containerd.sock'
"
q66762671,compatibility,wrong_command_without_namespace,fixture,"oracle failed: he
[oracle]          container...
  -> OK (moby)
[oracle] check 4: 'container_id' must be the full ID Docker reports (it differs
[oracle]          on every run, so it has to be read from the system)...
  -> OK
[oracle] check 5: 'ctr_command' must be a ctr command that, run as it stands by
[oracle]          the current user, lists the container...
  -> FAIL: ctr_command ran but its output does not list the container: sudo ctr --address /run/bench66762671/ctd-c5e65ce3/containerd.sock containers ls",True,True,True,,,False,"[oracle] check 0: Docker, its containerd and the container must be exactly as
[oracle]          setup left them (the task is look-only)...
  -> OK
[oracle] check 1: the report must exist and be a JSON object with the four keys
[oracle]          address, namespace, container_id and ctr_command (all
[oracle]          non-empty strings)...
  -> OK
[oracle] check 2: 'address' must be the socket of the containerd that Docker runs
[oracle]          on (not the system containerd's)...
  -> OK
[oracle] check 3: 'namespace' must be the containerd namespace that holds the
[oracle]          container...
  -> OK (moby)
[oracle] check 4: 'container_id' must be the full ID Docker reports (it differs
[oracle]          on every run, so it has to be read from the system)...
  -> OK
[oracle] check 5: 'ctr_command' must be a ctr command that, run as it stands by
[oracle]          the current user, lists the container...
  -> FAIL: ctr_command ran but its output does not list the container: sudo ctr --address /run/bench66762671/ctd-c5e65ce3/containerd.sock containers ls
"
q66762671,compatibility,cheat_docker_cli_as_ctr_command,fixture,"oracle failed: be the containerd namespace that holds the
[oracle]          container...
  -> OK (moby)
[oracle] check 4: 'container_id' must be the full ID Docker reports (it differs
[oracle]          on every run, so it has to be read from the system)...
  -> OK
[oracle] check 5: 'ctr_command' must be a ctr command that, run as it stands by
[oracle]          the current user, lists the container...
  -> FAIL: ctr_command is not a ctr command: sudo docker -H unix:///run/bench66762671/docker.sock ps --no-trunc",True,True,True,,,False,"[oracle] check 0: Docker, its containerd and the container must be exactly as
[oracle]          setup left them (the task is look-only)...
  -> OK
[oracle] check 1: the report must exist and be a JSON object with the four keys
[oracle]          address, namespace, container_id and ctr_command (all
[oracle]          non-empty strings)...
  -> OK
[oracle] check 2: 'address' must be the socket of the containerd that Docker runs
[oracle]          on (not the system containerd's)...
  -> OK
[oracle] check 3: 'namespace' must be the containerd namespace that holds the
[oracle]          container...
  -> OK (moby)
[oracle] check 4: 'container_id' must be the full ID Docker reports (it differs
[oracle]          on every run, so it has to be read from the system)...
  -> OK
[oracle] check 5: 'ctr_command' must be a ctr command that, run as it stands by
[oracle]          the current user, lists the container...
  -> FAIL: ctr_command is not a ctr command: sudo docker -H unix:///run/bench66762671/docker.sock ps --no-trunc
"
q66762671,compatibility,alt_valid_env_command,fixture,,True,True,True,,,True,"[oracle] check 0: Docker, its containerd and the container must be exactly as
[oracle]          setup left them (the task is look-only)...
  -> OK
[oracle] check 1: the report must exist and be a JSON object with the four keys
[oracle]          address, namespace, container_id and ctr_command (all
[oracle]          non-empty strings)...
  -> OK
[oracle] check 2: 'address' must be the socket of the containerd that Docker runs
[oracle]          on (not the system containerd's)...
  -> OK
[oracle] check 3: 'namespace' must be the containerd namespace that holds the
[oracle]          container...
  -> OK (moby)
[oracle] check 4: 'container_id' must be the full ID Docker reports (it differs
[oracle]          on every run, so it has to be read from the system)...
  -> OK
[oracle] check 5: 'ctr_command' must be a ctr command that, run as it stands by
[oracle]          the current user, lists the container...
  -> OK (sudo env CONTAINERD_ADDRESS=/run/bench66762671/ctd-a9abd30b/containerd.sock CONTAINERD_NAMESPACE=moby ctr containers ls -q)
[oracle] ALL CHECKS PASSED
"
q71709053,compatibility,reference_solution,fixture,,True,True,True,"docker.io/library/bench71709053-base:local	saved	
application/vnd.docker.distribution.manifest.v2+json sha256:0fa42d0b28e14c715c02bd69d688e101260d80924ed67768655a1a851f60f29d
Importing	elapsed: 0.0 s	total:   0.0 B	(0.0 B/s)	
docker.io/library/bench71709053-base:local	saved	
application/vnd.docker.distribution.manifest.v2+json sha256:0fa42d0b28e14c715c02bd69d688e101260d80924ed67768655a1a851f60f29d
Importing	elapsed: 0.0 s	total:   0.0 B	(0.0 B/s)	
Loaded image: docker.io/library/bench71709053-base:local
Loaded image: docker.io/library/bench71709053-base:local
unpacking docker.io/library/bench71709053-child:local (sha256:49955e329fe48aad15045cc8f46179e6a6bf356ae3cf598151ef9e924831e3df)...
Loaded image: docker.io/library/bench71709053-child:local
","#1 [internal] load build definition from Dockerfile.child
#1 transferring dockerfile: 95B done
#1 DONE 0.0s

#2 [internal] load metadata for docker.io/library/bench71709053-base:local
#2 DONE 0.4s

#3 [internal] load .dockerignore
#3 transferring context: 2B done
#3 DONE 0.0s

#4 [internal] load build context
#4 transferring context: 52B done
#4 DONE 0.0s

#5 [1/2] FROM docker.io/library/bench71709053-base:local@sha256:0fa42d0b28e14c715c02bd69d688e101260d80924ed67768655a1a851f60f29d
#5 resolve docker.io/library/bench71709053-base:local@sha256:0fa42d0b28e14c715c02bd69d688e101260d80924ed67768655a1a851f60f29d
#5 resolve docker.io/library/bench71709053-base:local@sha256:0fa42d0b28e14c715c02bd69d688e101260d80924ed67768655a1a851f60f29d 1.5s done
#5 DONE 1.5s

#5 [1/2] FROM docker.io/library/bench71709053-base:local@sha256:0fa42d0b28e14c715c02bd69d688e101260d80924ed67768655a1a851f60f29d
#5 DONE 1.5s

#6 [2/2] COPY app.txt /app.txt
#6 DONE 0.1s

#7 exporting to docker image format
#7 exporting layers 0.0s done
#7 exporting manifest sha256:49955e329fe48aad15045cc8f46179e6a6bf356ae3cf598151ef9e924831e3df
#7 exporting manifest sha256:49955e329fe48aad15045cc8f46179e6a6bf356ae3cf598151ef9e924831e3df done
#7 exporting config sha256:0163c328b6b50a61aba9243918eb12959b856ad4330e567345dd5e7e7cece137 done
#7 sending tarball done
#7 DONE 0.1s
",True,"[oracle] check 0: containerd must be up, and BuildKit must still be the very
[oracle]          daemon setup started (it is shared; not to be restarted or
[oracle]          reconfigured)...
  -> OK (buildkitd pid 29300)
[oracle] check 1: the build context must be untouched (Dockerfile.child still
[oracle]          says FROM bench71709053-base:local; no shortcut by editing it)...
  -> OK
[oracle] check 2: bench71709053-child:local must exist in nerdctl's namespace (default)...
  -> OK
[oracle] check 3: the child must really be built ON the local base image: its
[oracle]          layers = the base image's layers, plus exactly one more
[oracle]          (the COPY of app.txt)...
  -> OK
[oracle] ALL CHECKS PASSED
"
q71709053,compatibility,no_op_baseline,fixture,"oracle failed: p, and BuildKit must still be the very
[oracle]          daemon setup started (it is shared; not to be restarted or
[oracle]          reconfigured)...
  -> OK (buildkitd pid 30209)
[oracle] check 1: the build context must be untouched (Dockerfile.child still
[oracle]          says FROM bench71709053-base:local; no shortcut by editing it)...
  -> OK
[oracle] check 2: bench71709053-child:local must exist in nerdctl's namespace (default)...
  -> FAIL: nerdctl does not list bench71709053-child:local",True,True,False,,no code provided (no-op sample),False,"[oracle] check 0: containerd must be up, and BuildKit must still be the very
[oracle]          daemon setup started (it is shared; not to be restarted or
[oracle]          reconfigured)...
  -> OK (buildkitd pid 30209)
[oracle] check 1: the build context must be untouched (Dockerfile.child still
[oracle]          says FROM bench71709053-base:local; no shortcut by editing it)...
  -> OK
[oracle] check 2: bench71709053-child:local must exist in nerdctl's namespace (default)...
  -> FAIL: nerdctl does not list bench71709053-child:local
"
q71709053,compatibility,naive_tag_with_docker_io_name,fixture,"oracle failed: p, and BuildKit must still be the very
[oracle]          daemon setup started (it is shared; not to be restarted or
[oracle]          reconfigured)...
  -> OK (buildkitd pid 30999)
[oracle] check 1: the build context must be untouched (Dockerfile.child still
[oracle]          says FROM bench71709053-base:local; no shortcut by editing it)...
  -> OK
[oracle] check 2: bench71709053-child:local must exist in nerdctl's namespace (default)...
  -> FAIL: nerdctl does not list bench71709053-child:local",True,True,False,,"#1 [internal] load build definition from Dockerfile.child
#1 transferring dockerfile: 95B done
#1 DONE 0.0s

#2 [internal] load metadata for docker.io/library/bench71709053-base:local
#2 ERROR: pull access denied, repository does not exist or may require authorization: server message: insufficient_scope: authorization failed
------
 > [internal] load metadata for docker.io/library/bench71709053-base:local:
------
Dockerfile.child:1
--------------------
   1 | >>> FROM bench71709053-base:local
   2 |     COPY app.txt /app.txt
   3 |     
--------------------
error: failed to solve: bench71709053-base:local: failed to resolve source metadata for docker.io/library/bench71709053-base:local: pull access denied, repository does not exist or may require authorization: server message: insufficient_scope: authorization failed
time=""2026-10-03T23:52:08-05:00"" level=fatal msg=""no image was built""
",False,"[oracle] check 0: containerd must be up, and BuildKit must still be the very
[oracle]          daemon setup started (it is shared; not to be restarted or
[oracle]          reconfigured)...
  -> OK (buildkitd pid 30999)
[oracle] check 1: the build context must be untouched (Dockerfile.child still
[oracle]          says FROM bench71709053-base:local; no shortcut by editing it)...
  -> OK
[oracle] check 2: bench71709053-child:local must exist in nerdctl's namespace (default)...
  -> FAIL: nerdctl does not list bench71709053-child:local
"
q71709053,compatibility,cheat_child_from_scratch,fixture,"oracle failed: ckerfile.child still
[oracle]          says FROM bench71709053-base:local; no shortcut by editing it)...
  -> OK
[oracle] check 2: bench71709053-child:local must exist in nerdctl's namespace (default)...
  -> OK
[oracle] check 3: the child must really be built ON the local base image: its
[oracle]          layers = the base image's layers, plus exactly one more
[oracle]          (the COPY of app.txt)...
  -> FAIL: base layers are not at the bottom of the child (base 1 layer(s), child 1 layer(s))",True,True,True,"unpacking docker.io/library/bench71709053-child:local (sha256:73272c94bde07353e141cdbeccf0c58bc34779b087d13a97d47c3fa95b8cce25)...
Loaded image: docker.io/library/bench71709053-child:local
","#1 [internal] load build definition from Dockerfile.nobase
#1 transferring dockerfile: 79B done
#1 DONE 0.0s

#2 [internal] load .dockerignore
#2 transferring context: 2B done
#2 DONE 0.0s

#3 [internal] load build context
#3 transferring context: 52B done
#3 DONE 0.0s

#4 [1/1] COPY app.txt /app.txt
#4 DONE 0.0s

#5 exporting to docker image format
#5 exporting layers 0.0s done
#5 exporting manifest sha256:73272c94bde07353e141cdbeccf0c58bc34779b087d13a97d47c3fa95b8cce25 done
#5 exporting config sha256:b4fe684526c1c7c79787fe927c51e97ca6d1826455ae6175a8ba95730cea3604 done
#5 sending tarball done
#5 DONE 0.0s
",False,"[oracle] check 0: containerd must be up, and BuildKit must still be the very
[oracle]          daemon setup started (it is shared; not to be restarted or
[oracle]          reconfigured)...
  -> OK (buildkitd pid 31842)
[oracle] check 1: the build context must be untouched (Dockerfile.child still
[oracle]          says FROM bench71709053-base:local; no shortcut by editing it)...
  -> OK
[oracle] check 2: bench71709053-child:local must exist in nerdctl's namespace (default)...
  -> OK
[oracle] check 3: the child must really be built ON the local base image: its
[oracle]          layers = the base image's layers, plus exactly one more
[oracle]          (the COPY of app.txt)...
  -> FAIL: base layers are not at the bottom of the child (base 1 layer(s), child 1 layer(s))
"
q71709053,compatibility,alt_valid_rebuild_base_in_buildkit_ns,fixture,,True,True,True,"unpacking docker.io/library/bench71709053-child:local (sha256:0bfaf8faa3bc4e0a04cc5f052d0bf9113188997168bfa5a07a6dde8dfc11a7d9)...
Loaded image: docker.io/library/bench71709053-child:local
","#1 [internal] load build definition from Dockerfile.base
#1 transferring dockerfile: 79B done
#1 DONE 0.0s

#2 [internal] load .dockerignore
#2 transferring context: 2B done
#2 DONE 0.0s

#3 [internal] load build context
#3 transferring context: 29B done
#3 DONE 0.0s

#4 [1/1] COPY base.txt /base.txt
#4 CACHED

#5 exporting to image
#5 exporting layers done
#5 exporting manifest sha256:967578be962deb758870c1c18e75b6b5f8259e415599eab60925b8e6b24498d1 done
#5 exporting config sha256:ce47a7bc36299a805642611a0145fdd01c306cdb49ed5f42b23e126e29c07bac done
#5 naming to docker.io/library/bench71709053-base:local done
#5 unpacking to docker.io/library/bench71709053-base:local done
#5 DONE 0.0s
#1 [internal] load build definition from Dockerfile.child
#1 transferring dockerfile: 95B done
#1 DONE 0.0s

#2 [internal] load metadata for docker.io/library/bench71709053-base:local
#2 DONE 0.4s

#3 [internal] load .dockerignore
#3 transferring context: 2B done
#3 DONE 0.0s

#4 [internal] load build context
#4 transferring context: 52B done
#4 DONE 0.0s

#5 [1/2] FROM docker.io/library/bench71709053-base:local@sha256:967578be962deb758870c1c18e75b6b5f8259e415599eab60925b8e6b24498d1
#5 resolve docker.io/library/bench71709053-base:local@sha256:967578be962deb758870c1c18e75b6b5f8259e415599eab60925b8e6b24498d1
#5 resolve docker.io/library/bench71709053-base:local@sha256:967578be962deb758870c1c18e75b6b5f8259e415599eab60925b8e6b24498d1 0.4s done
#5 DONE 0.4s

#6 [2/2] COPY app.txt /app.txt
#6 DONE 0.1s

#7 exporting to docker image format
#7 exporting layers 0.0s done
#7 exporting manifest sha256:0bfaf8faa3bc4e0a04cc5f052d0bf9113188997168bfa5a07a6dde8dfc11a7d9 done
#7 exporting config sha256:8911d32f2f38c1c16f8d0e5fe19200edd4b7c55617c69d6650cd0dc8c5190903 done
#7 sending tarball done
#7 DONE 0.1s
",True,"[oracle] check 0: containerd must be up, and BuildKit must still be the very
[oracle]          daemon setup started (it is shared; not to be restarted or
[oracle]          reconfigured)...
  -> OK (buildkitd pid 32714)
[oracle] check 1: the build context must be untouched (Dockerfile.child still
[oracle]          says FROM bench71709053-base:local; no shortcut by editing it)...
  -> OK
[oracle] check 2: bench71709053-child:local must exist in nerdctl's namespace (default)...
  -> OK
[oracle] check 3: the child must really be built ON the local base image: its
[oracle]          layers = the base image's layers, plus exactly one more
[oracle]          (the COPY of app.txt)...
  -> OK
[oracle] ALL CHECKS PASSED
"
q73420677,compatibility,reference_solution,fixture,,True,True,True,"[solution] containerd keeps images in namespaces. 'ctr' works in its own
[solution] 'default' namespace, but the CRI (what crictl and the kubelet
[solution] use) only looks in the 'k8s.io' namespace -- so the image is
[solution] there for ctr and invisible to the CRI. Import the tarball into
[solution] k8s.io:
docker.io/library/bench73420677 app:late	saved	
application/vnd.docker.distribution.manifest.v2+json sha256:7852de3bbbeecbe29d7fd415f1a25f683c9b38f7c6843fc13373f68482fa880b
Importing	elapsed: 0.0 s	total:   0.0 B	(0.0 B/s)	
[solution] the CRI must list it now:
docker.io/library/bench73420677-app   latest              228b8764afef6       564kB
[solution] creating the container inside the existing sandbox, then
[solution] starting it...
5879d10c38601198b708e58ad401fe295310b719a60bf230366b78372b5b3031
[solution] done.
","time=""2026-10-03T23:52:17-05:00"" level=warning msg=""cgroup_parent is not set. Use `runtime-config` to get the runtime cgroup driver""
",True,"[oracle] check 0: containerd must be up and answering on the CRI...
  -> OK
[oracle] check 1: the tarball must be untouched (the image has to come
[oracle]          from it, not from something regenerated)...
  -> OK
[oracle] check 2: the CRI's own image view (what a kubelet with
[oracle]          imagePullPolicy: Never consults) must list the image,
[oracle]          and it must be THE image from the tarball (id = sha256 of
[oracle]          its config blob, recorded at setup)...
  -> OK (sha256:228b8764afef679838dbbf287307eaf5dc6c85fb7d37e96a019c9fce57734c96)
[oracle] check 3: the pod sandbox must be the ORIGINAL one (not deleted and
[oracle]          recreated), exactly one, SANDBOX_READY...
  -> OK
[oracle] check 4: exactly one container named 'bench73420677', in that pod,
[oracle]          CONTAINER_RUNNING...
  -> OK (5879d10c38601198b708e58ad401fe295310b719a60bf230366b78372b5b3031)
[oracle] check 5: the container must have been created from that very image...
  -> OK
[oracle] check 6: it must run the image's own entrypoint (no overridden
[oracle]          command), and that OS-level process must really be alive...
  -> OK (pid 33805)
[oracle] check 7: the container's log must contain the per-run token that
[oracle]          exists only inside the imported image (waits up to 10s)...
  -> OK
[oracle] ALL CHECKS PASSED
"
q73420677,compatibility,no_op_baseline,fixture,"oracle failed: ng on the CRI...
  -> OK
[oracle] check 1: the tarball must be untouched (the image has to come
[oracle]          from it, not from something regenerated)...
  -> OK
[oracle] check 2: the CRI's own image view (what a kubelet with
[oracle]          imagePullPolicy: Never consults) must list the image,
[oracle]          and it must be THE image from the tarball (id = sha256 of
[oracle]          its config blob, recorded at setup)...
  -> FAIL: 'crictl images' does not list bench73420677-app:latest",True,True,False,,no code provided (no-op sample),False,"[oracle] check 0: containerd must be up and answering on the CRI...
  -> OK
[oracle] check 1: the tarball must be untouched (the image has to come
[oracle]          from it, not from something regenerated)...
  -> OK
[oracle] check 2: the CRI's own image view (what a kubelet with
[oracle]          imagePullPolicy: Never consults) must list the image,
[oracle]          and it must be THE image from the tarball (id = sha256 of
[oracle]          its config blob, recorded at setup)...
  -> FAIL: 'crictl images' does not list bench73420677-app:latest
"
q73420677,compatibility,naive_retry_create_unchanged,fixture,"oracle failed: ng on the CRI...
  -> OK
[oracle] check 1: the tarball must be untouched (the image has to come
[oracle]          from it, not from something regenerated)...
  -> OK
[oracle] check 2: the CRI's own image view (what a kubelet with
[oracle]          imagePullPolicy: Never consults) must list the image,
[oracle]          and it must be THE image from the tarball (id = sha256 of
[oracle]          its config blob, recorded at setup)...
  -> FAIL: 'crictl images' does not list bench73420677-app:latest",True,True,False,,"time=""2026-10-03T23:52:21-05:00"" level=warning msg=""cgroup_parent is not set. Use `runtime-config` to get the runtime cgroup driver""
E1003 23:52:21.049518   35035 log.go:32] ""CreateContainer in sandbox from runtime service failed"" err=""rpc error: code = NotFound desc = failed to check if this is a checkpoint image: failed to resolve image \""bench73420677-app:latest\"": not found"" podSandboxID=""9777d32772fcd777962abcd230656ef19c27e417587ee8589f50e4bb97116d82""
time=""2026-10-03T23:52:21-05:00"" level=fatal msg=""creating container: rpc error: code = NotFound desc = failed to check if this is a checkpoint image: failed to resolve image \""bench73420677-app:latest\"": not found""
time=""2026-10-03T23:52:21-05:00"" level=fatal msg=""starting the container \""\"": ID cannot be empty""
",False,"[oracle] check 0: containerd must be up and answering on the CRI...
  -> OK
[oracle] check 1: the tarball must be untouched (the image has to come
[oracle]          from it, not from something regenerated)...
  -> OK
[oracle] check 2: the CRI's own image view (what a kubelet with
[oracle]          imagePullPolicy: Never consults) must list the image,
[oracle]          and it must be THE image from the tarball (id = sha256 of
[oracle]          its config blob, recorded at setup)...
  -> FAIL: 'crictl images' does not list bench73420677-app:latest
"
q73420677,compatibility,naive_crictl_pull_from_registry,fixture,"oracle failed: ng on the CRI...
  -> OK
[oracle] check 1: the tarball must be untouched (the image has to come
[oracle]          from it, not from something regenerated)...
  -> OK
[oracle] check 2: the CRI's own image view (what a kubelet with
[oracle]          imagePullPolicy: Never consults) must list the image,
[oracle]          and it must be THE image from the tarball (id = sha256 of
[oracle]          its config blob, recorded at setup)...
  -> FAIL: 'crictl images' does not list bench73420677-app:latest",True,True,False,,"E1003 23:52:23.036766   35577 log.go:32] ""PullImage from image service failed"" err=""rpc error: code = Unknown desc = failed to pull and unpack image \""docker.io/library/bench73420677-app:latest\"": failed to resolve image: pull access denied, repository does not exist or may require authorization: server message: insufficient_scope: authorization failed"" image=""bench73420677-app:latest""
time=""2026-10-03T23:52:23-05:00"" level=fatal msg=""pulling image: failed to pull and unpack image \""docker.io/library/bench73420677-app:latest\"": failed to resolve image: pull access denied, repository does not exist or may require authorization: server message: insufficient_scope: authorization failed""
time=""2026-10-03T23:52:23-05:00"" level=warning msg=""cgroup_parent is not set. Use `runtime-config` to get the runtime cgroup driver""
E1003 23:52:23.091507   35596 log.go:32] ""CreateContainer in sandbox from runtime service failed"" err=""rpc error: code = NotFound desc = failed to check if this is a checkpoint image: failed to resolve image \""bench73420677-app:latest\"": not found"" podSandboxID=""f2626c54f313d08191c2bfa8a3e18e564ef4ed303b7344817ec4063da3cc3a15""
time=""2026-10-03T23:52:23-05:00"" level=fatal msg=""creating container: rpc error: code = NotFound desc = failed to check if this is a checkpoint image: failed to resolve image \""bench73420677-app:latest\"": not found""
time=""2026-10-03T23:52:23-05:00"" level=fatal msg=""starting the container \""\"": ID cannot be empty""
",False,"[oracle] check 0: containerd must be up and answering on the CRI...
  -> OK
[oracle] check 1: the tarball must be untouched (the image has to come
[oracle]          from it, not from something regenerated)...
  -> OK
[oracle] check 2: the CRI's own image view (what a kubelet with
[oracle]          imagePullPolicy: Never consults) must list the image,
[oracle]          and it must be THE image from the tarball (id = sha256 of
[oracle]          its config blob, recorded at setup)...
  -> FAIL: 'crictl images' does not list bench73420677-app:latest
"
q73420677,compatibility,wrong_ctr_import_default_namespace,fixture,"oracle failed: ng on the CRI...
  -> OK
[oracle] check 1: the tarball must be untouched (the image has to come
[oracle]          from it, not from something regenerated)...
  -> OK
[oracle] check 2: the CRI's own image view (what a kubelet with
[oracle]          imagePullPolicy: Never consults) must list the image,
[oracle]          and it must be THE image from the tarball (id = sha256 of
[oracle]          its config blob, recorded at setup)...
  -> FAIL: 'crictl images' does not list bench73420677-app:latest",True,True,False,"docker.io/library/bench73420677 app:late	saved	
application/vnd.docker.distribution.manifest.v2+json sha256:823708f5c37f2cbbd8e6d215b3d030e52845f8aae137b329faec1604d77ade7d
Importing	elapsed: 0.0 s	total:   0.0 B	(0.0 B/s)	
","time=""2026-10-03T23:52:24-05:00"" level=warning msg=""cgroup_parent is not set. Use `runtime-config` to get the runtime cgroup driver""
E1003 23:52:24.796897   36143 log.go:32] ""CreateContainer in sandbox from runtime service failed"" err=""rpc error: code = NotFound desc = failed to check if this is a checkpoint image: failed to resolve image \""bench73420677-app:latest\"": not found"" podSandboxID=""3962481a17a7df6c0ab1c2a3a1054709026c585dbb68143cf799aa36cf77a3a3""
time=""2026-10-03T23:52:24-05:00"" level=fatal msg=""creating container: rpc error: code = NotFound desc = failed to check if this is a checkpoint image: failed to resolve image \""bench73420677-app:latest\"": not found""
time=""2026-10-03T23:52:24-05:00"" level=fatal msg=""starting the container \""\"": ID cannot be empty""
",False,"[oracle] check 0: containerd must be up and answering on the CRI...
  -> OK
[oracle] check 1: the tarball must be untouched (the image has to come
[oracle]          from it, not from something regenerated)...
  -> OK
[oracle] check 2: the CRI's own image view (what a kubelet with
[oracle]          imagePullPolicy: Never consults) must list the image,
[oracle]          and it must be THE image from the tarball (id = sha256 of
[oracle]          its config blob, recorded at setup)...
  -> FAIL: 'crictl images' does not list bench73420677-app:latest
"
q73420677,compatibility,alt_valid_export_default_import_k8s_io,fixture,,True,True,True,"docker.io/library/bench73420677 app:late	saved	
application/vnd.docker.distribution.manifest.v2+json sha256:5bf5d2ced6805381561e7f8e27a601475ceb21a7469db957646b535c5c930669
Importing	elapsed: 0.0 s	total:   0.0 B	(0.0 B/s)	
8e0193fba58119b87e027e0fed8781c88e5e3010336f13754e9a23f3f28c0298
","time=""2026-10-03T23:52:26-05:00"" level=warning msg=""cgroup_parent is not set. Use `runtime-config` to get the runtime cgroup driver""
",True,"[oracle] check 0: containerd must be up and answering on the CRI...
  -> OK
[oracle] check 1: the tarball must be untouched (the image has to come
[oracle]          from it, not from something regenerated)...
  -> OK
[oracle] check 2: the CRI's own image view (what a kubelet with
[oracle]          imagePullPolicy: Never consults) must list the image,
[oracle]          and it must be THE image from the tarball (id = sha256 of
[oracle]          its config blob, recorded at setup)...
  -> OK (sha256:71909f0ab1957f82404383103194d2532fcc6e0a4bbd61aab5612d1b442445e2)
[oracle] check 3: the pod sandbox must be the ORIGINAL one (not deleted and
[oracle]          recreated), exactly one, SANDBOX_READY...
  -> OK
[oracle] check 4: exactly one container named 'bench73420677', in that pod,
[oracle]          CONTAINER_RUNNING...
  -> OK (8e0193fba58119b87e027e0fed8781c88e5e3010336f13754e9a23f3f28c0298)
[oracle] check 5: the container must have been created from that very image...
  -> OK
[oracle] check 6: it must run the image's own entrypoint (no overridden
[oracle]          command), and that OS-level process must really be alive...
  -> OK (pid 36740)
[oracle] check 7: the container's log must contain the per-run token that
[oracle]          exists only inside the imported image (waits up to 10s)...
  -> OK
[oracle] ALL CHECKS PASSED
"
q73420677,compatibility,cheating_rebuild_image_same_name,fixture,"oracle failed:      from it, not from something regenerated)...
  -> OK
[oracle] check 2: the CRI's own image view (what a kubelet with
[oracle]          imagePullPolicy: Never consults) must list the image,
[oracle]          and it must be THE image from the tarball (id = sha256 of
[oracle]          its config blob, recorded at setup)...
  -> FAIL: the listed image has id 774b86aaad23ee6791366ed4c2eb627e5ad04e3f67a4ea33b89d4bf030b8c3cc, expected 849f80ed51a874c5f09f10c8ec2b11f1eeb8e4c3ceedeedd3373d2b3dbdefd6a",True,True,True,"docker.io/library/bench73420677 app:late	saved	
application/vnd.docker.distribution.manifest.v2+json sha256:6512d93c59ef5c0a1fc9844c117945df83aca40bfab5b39a4a18a3d8372fc62c
Importing	elapsed: 0.0 s	total:   0.0 B	(0.0 B/s)	
351296f890e9833d81c52ce606b2ac5de82770dbbee6b582947b38bef9a62b19
","time=""2026-10-03T23:52:28-05:00"" level=warning msg=""cgroup_parent is not set. Use `runtime-config` to get the runtime cgroup driver""
",False,"[oracle] check 0: containerd must be up and answering on the CRI...
  -> OK
[oracle] check 1: the tarball must be untouched (the image has to come
[oracle]          from it, not from something regenerated)...
  -> OK
[oracle] check 2: the CRI's own image view (what a kubelet with
[oracle]          imagePullPolicy: Never consults) must list the image,
[oracle]          and it must be THE image from the tarball (id = sha256 of
[oracle]          its config blob, recorded at setup)...
  -> FAIL: the listed image has id 774b86aaad23ee6791366ed4c2eb627e5ad04e3f67a4ea33b89d4bf030b8c3cc, expected 849f80ed51a874c5f09f10c8ec2b11f1eeb8e4c3ceedeedd3373d2b3dbdefd6a
"
q73420677,compatibility,wrong_recreates_pod_sandbox,fixture,"oracle failed: e THE image from the tarball (id = sha256 of
[oracle]          its config blob, recorded at setup)...
  -> OK (sha256:821cbf83776fc60d5c2b3c51cbb6f19197680f427a8e0db662edfd9b293d97e4)
[oracle] check 3: the pod sandbox must be the ORIGINAL one (not deleted and
[oracle]          recreated), exactly one, SANDBOX_READY...
  -> FAIL: the pod sandbox was recreated (id bb5b14c1b056718bc4d98a0b41bb12d746d7aa3cc11d9419401dc85362ba4840, was 5a225bb58b3fe2e31b6efe9eb2210a4029ec34e0d081bc19698d9ec62eaddcf9)",True,True,True,"docker.io/library/bench73420677 app:late	saved	
application/vnd.docker.distribution.manifest.v2+json sha256:1eb1b9cbb86ccbe947e40d828ad5cad4a7829a3a3266fc5e4b3f8b5a9defe483
Importing	elapsed: 0.0 s	total:   0.0 B	(0.0 B/s)	
Stopped sandbox 5a225bb58b3fe2e31b6efe9eb2210a4029ec34e0d081bc19698d9ec62eaddcf9
Removed sandbox 5a225bb58b3fe2e31b6efe9eb2210a4029ec34e0d081bc19698d9ec62eaddcf9
dc1e0d49aac6994e14a5086c76ea5248278dadb917becd6649d5e68b31d16cb0
","time=""2026-10-03T23:52:30-05:00"" level=warning msg=""cgroup_parent is not set. Use `runtime-config` to get the runtime cgroup driver""
time=""2026-10-03T23:52:30-05:00"" level=warning msg=""cgroup_parent is not set. Use `runtime-config` to get the runtime cgroup driver""
",False,"[oracle] check 0: containerd must be up and answering on the CRI...
  -> OK
[oracle] check 1: the tarball must be untouched (the image has to come
[oracle]          from it, not from something regenerated)...
  -> OK
[oracle] check 2: the CRI's own image view (what a kubelet with
[oracle]          imagePullPolicy: Never consults) must list the image,
[oracle]          and it must be THE image from the tarball (id = sha256 of
[oracle]          its config blob, recorded at setup)...
  -> OK (sha256:821cbf83776fc60d5c2b3c51cbb6f19197680f427a8e0db662edfd9b293d97e4)
[oracle] check 3: the pod sandbox must be the ORIGINAL one (not deleted and
[oracle]          recreated), exactly one, SANDBOX_READY...
  -> FAIL: the pod sandbox was recreated (id bb5b14c1b056718bc4d98a0b41bb12d746d7aa3cc11d9419401dc85362ba4840, was 5a225bb58b3fe2e31b6efe9eb2210a4029ec34e0d081bc19698d9ec62eaddcf9)
"
q74317699,compatibility,reference_solution,fixture,,True,True,True,"[solution] 'runc start' only transitions a container from 'created' to
[solution] 'running' -- it refuses a container that has already stopped.
[solution] Deleting the stopped container's runtime state (this does NOT
[solution] touch the bundle/rootfs on disk)...
[solution] re-creating and starting the container from the SAME bundle...
[solution] done.
",,True,"[oracle] check 0: container 'bench74317699' must be RUNNING again...
  -> OK
[oracle] check 1: it must still be using the original OCI bundle (/tmp/bench74317699/bundle)...
  -> OK
[oracle] check 2: the container process must actually be alive and be the expected command...
  -> process cmdline: /bin/busybox sleep 100000 
  -> OK (matches expected busybox sleep process)
[oracle] ALL CHECKS PASSED
"
q74317699,compatibility,no_op_baseline,fixture,"oracle failed: [oracle] check 0: container 'bench74317699' must be RUNNING again...
  -> FAIL: status is 'stopped', expected 'running'",True,True,False,,no code provided (no-op sample),False,"[oracle] check 0: container 'bench74317699' must be RUNNING again...
  -> FAIL: status is 'stopped', expected 'running'
"
q74317699,compatibility,cheating_new_bundle_same_id,fixture,"oracle failed: [oracle] check 0: container 'bench74317699' must be RUNNING again...
  -> OK
[oracle] check 1: it must still be using the original OCI bundle (/tmp/bench74317699/bundle)...
  -> FAIL: bundle path is '/tmp/bench74317699_fake', expected '/tmp/bench74317699/bundle'
     (a brand-new/unrelated bundle was used instead of the original one)",True,True,True,,,False,"[oracle] check 0: container 'bench74317699' must be RUNNING again...
  -> OK
[oracle] check 1: it must still be using the original OCI bundle (/tmp/bench74317699/bundle)...
  -> FAIL: bundle path is '/tmp/bench74317699_fake', expected '/tmp/bench74317699/bundle'
     (a brand-new/unrelated bundle was used instead of the original one)
"
q74317699,compatibility,naive_retry_runc_start,fixture,"oracle failed: [oracle] check 0: container 'bench74317699' must be RUNNING again...
  -> FAIL: status is 'stopped', expected 'running'",True,True,True,,"time=""2026-10-03T23:52:48-05:00"" level=error msg=""cannot start a container that has stopped""
",False,"[oracle] check 0: container 'bench74317699' must be RUNNING again...
  -> FAIL: status is 'stopped', expected 'running'
"
q74903831,compatibility,reference_solution,fixture,,True,True,True,"/libcrun/libcrun_la-signals.lo
  CC       src/libcrun/libcrun_la-spec.lo
  CC       src/libcrun/libcrun_la-status.lo
  CC       src/libcrun/libcrun_la-net_device.lo
  CC       src/libcrun/libcrun_la-terminal.lo
  CC       src/libcrun/blake3/libcrun_la-blake3.lo
  CC       src/libcrun/blake3/libcrun_la-blake3_portable.lo
  CCLD     libcrun.la
  CCLD     crun
make[2]: Leaving directory '/tmp/bench74903831/crun'
make[1]: Leaving directory '/tmp/bench74903831/crun'
[solution] caching the built binary...
crun version 1.30.1
commit: 079ff6a7a16d029460af882f9ea44674e6a510b6
rundir: /run/user/1000/crun
spec: 1.0.0
+SYSTEMD +SELINUX +APPARMOR +CAP +SECCOMP +EBPF +WASM:wasmedge +JSON_C
[solution] installing the wasm-capable crun build to /usr/local/bin/crun-wasm...
[solution] registering it with podman under its OWN runtime name, 'crun-wasm' -- deliberately NOT overriding the default 'crun' entry. crun's wasmedge handler dispatch is annotation-gated in principle, but empirically the safest way to guarantee ordinary (non-wasm) containers are never at risk of being routed through the wasm-capable build is to keep it off the default runtime path entirely and require '--runtime crun-wasm' to reach it.
[solution] verifying: 'podman run --runtime crun-wasm' of the wasm image should now print 'bench74903831-wasm-ok' and exit 0. (We do NOT check for a specific nonzero exit code here -- crun's WasmEdge handler always reports exit 0 on a successful run and discards whatever exit code the WASI module itself requested via proc_exit,
[solution] so stdout content is the only reliable success signal.)
bench74903831-wasm-ok
[solution] wasm image exited with status 0 (expect 0, with 'bench74903831-wasm-ok' printed above).
[solution] (the real pass/fail check is oracle.sh, run separately by
[solution] the harness after this script -- this script must not exit
[solution] non-zero itself just because of $WASM_RC, so it ends with
[solution] an explicit 'exit 0' below regardless)
[solution] done.
"," with current configuration
INFO    - Running Uninstaller
WARNING - Unexpected SHELL: /bin/bash. Using bash as SHELL
INFO    - shell configuration updated
INFO    - Downloading WasmEdge
INFO    - Downloaded
INFO    - Installing WasmEdge
INFO    - WasmEdge Successfully installed
INFO    - Run:
source /home/ubuntu/.bashrc
Submodule 'libocispec' (https://github.com/containers/libocispec.git) registered for path 'libocispec'
Cloning into '/tmp/bench74903831/crun/libocispec'...
Submodule 'image-spec' (https://github.com/opencontainers/image-spec) registered for path 'libocispec/image-spec'
Submodule 'runtime-spec' (https://github.com/opencontainers/runtime-spec) registered for path 'libocispec/runtime-spec'
Cloning into '/tmp/bench74903831/crun/libocispec/image-spec'...
Cloning into '/tmp/bench74903831/crun/libocispec/runtime-spec'...
aclocal: warning: couldn't open directory 'm4': No such file or directory
configure.ac:3: warning: The macro `AC_CONFIG_HEADER' is obsolete.
configure.ac:3: You should run autoupdate.
./lib/autoconf/status.m4:719: AC_CONFIG_HEADER is expanded from...
configure.ac:3: the top level
configure.ac:7: installing 'build-aux/compile'
configure.ac:9: installing 'build-aux/config.guess'
configure.ac:9: installing 'build-aux/config.sub'
configure.ac:11: installing 'build-aux/install-sh'
configure.ac:11: installing 'build-aux/missing'
Makefile.am: installing 'build-aux/depcomp'
parallel-tests: installing 'build-aux/test-driver'
configure.ac:13: installing 'build-aux/compile'
configure.ac:13: installing 'build-aux/config.guess'
configure.ac:13: installing 'build-aux/config.sub'
configure.ac:15: installing 'build-aux/install-sh'
configure.ac:15: installing 'build-aux/missing'
configure.ac:8: installing 'build-aux/tap-driver.sh'
Makefile.am: installing 'build-aux/depcomp'
time=""2026-10-03T23:53:34-05:00"" level=warning msg=""Error validating CNI config file /etc/cni/net.d/nerdctl-bridge.conflist: [plugin firewall does not support config version \""1.0.0\""]""
",True,"[oracle] check 0: podman + buildah must still be present and working...
  -> OK
[oracle] check 1: neither fixture image may have been rebuilt/retagged
[oracle]          (anti-cheat -- the fix must be runtime-level, not
[oracle]          'replace the wasm image with a native one that
[oracle]          happens to print the expected marker string')...
  -> OK: localhost/bench74903831-wasm unchanged (a97824848d78791aa1d583231a1f2874371384b2cb7c8076daf53e54b513bbe3)
  -> OK: localhost/bench74903831-native unchanged (60098465de4f756284a0feb047507325f58c2da67ee6d7a8bd5edb9ec9ff99d0)
[oracle] check 2: the native sanity image must STILL run successfully
[oracle]          with plain 'podman run' (the fix must not have broken
[oracle]          normal, non-wasm container execution)...
  -> OK: native image still exits 43
[oracle] check 3: there must be SOME way to run the WASM image that
[oracle]          actually executes it as WebAssembly. We try a plain
[oracle]          'podman run' first (in case the fix made a
[oracle]          Wasm-capable build the default runtime); if that
[oracle]          doesn't produce the expected output, we retry with
[oracle]          '--runtime crun-wasm', the separately-named runtime
[oracle]          reference_solution.sh registers -- either is an
[oracle]          acceptable way to satisfy requirement 2 in task.txt,
[oracle]          as long as check 2 above still passed (i.e. the fix
[oracle]          didn't have to sacrifice normal container execution
[oracle]          to get here)...
  -> OK: 'podman run --runtime crun-wasm' executes the wasm image as WebAssembly (a separately-named runtime, which is fine per requirement 2 in task.txt)
[oracle] ALL CHECKS PASSED
"
q74903831,compatibility,no_op_baseline,fixture,"oracle failed: n
[oracle]          acceptable way to satisfy requirement 2 in task.txt,
[oracle]          as long as check 2 above still passed (i.e. the fix
[oracle]          didn't have to sacrifice normal container execution
[oracle]          to get here)...
  -> FAIL: could not get the wasm image to print 'bench74903831-wasm-ok' and exit 0, neither via a plain 'podman run' nor via 'podman run --runtime crun-wasm'
  -> last attempt's output: Error: default OCI runtime ""crun-wasm"" not found: invalid argument",True,True,False,,no code provided (no-op sample),False,"[oracle] check 0: podman + buildah must still be present and working...
  -> OK
[oracle] check 1: neither fixture image may have been rebuilt/retagged
[oracle]          (anti-cheat -- the fix must be runtime-level, not
[oracle]          'replace the wasm image with a native one that
[oracle]          happens to print the expected marker string')...
  -> OK: localhost/bench74903831-wasm unchanged (d137e1f347e34574b77931e7c87d47ec89f9f719b3129bff4b221406bffefb85)
  -> OK: localhost/bench74903831-native unchanged (3ea02182c3bea5630bbb089ac57662d3b9dd4ce23633b5137faf0d61a8877e7a)
[oracle] check 2: the native sanity image must STILL run successfully
[oracle]          with plain 'podman run' (the fix must not have broken
[oracle]          normal, non-wasm container execution)...
  -> OK: native image still exits 43
[oracle] check 3: there must be SOME way to run the WASM image that
[oracle]          actually executes it as WebAssembly. We try a plain
[oracle]          'podman run' first (in case the fix made a
[oracle]          Wasm-capable build the default runtime); if that
[oracle]          doesn't produce the expected output, we retry with
[oracle]          '--runtime crun-wasm', the separately-named runtime
[oracle]          reference_solution.sh registers -- either is an
[oracle]          acceptable way to satisfy requirement 2 in task.txt,
[oracle]          as long as check 2 above still passed (i.e. the fix
[oracle]          didn't have to sacrifice normal container execution
[oracle]          to get here)...
  -> FAIL: could not get the wasm image to print 'bench74903831-wasm-ok' and exit 0, neither via a plain 'podman run' nor via 'podman run --runtime crun-wasm'
  -> last attempt's output: Error: default OCI runtime ""crun-wasm"" not found: invalid argument
"
q74903831,compatibility,naive_retry_same_command,fixture,"oracle failed: n
[oracle]          acceptable way to satisfy requirement 2 in task.txt,
[oracle]          as long as check 2 above still passed (i.e. the fix
[oracle]          didn't have to sacrifice normal container execution
[oracle]          to get here)...
  -> FAIL: could not get the wasm image to print 'bench74903831-wasm-ok' and exit 0, neither via a plain 'podman run' nor via 'podman run --runtime crun-wasm'
  -> last attempt's output: Error: default OCI runtime ""crun-wasm"" not found: invalid argument",True,True,True,,"time=""2026-10-03T23:53:50-05:00"" level=warning msg=""Error validating CNI config file /etc/cni/net.d/nerdctl-bridge.conflist: [plugin firewall does not support config version \""1.0.0\""]""
exec /hellor.wasm: exec format error
time=""2026-10-03T23:53:50-05:00"" level=warning msg=""Error validating CNI config file /etc/cni/net.d/nerdctl-bridge.conflist: [plugin firewall does not support config version \""1.0.0\""]""
exec /hellor.wasm: exec format error
Error: default OCI runtime ""crun"" not found: invalid argument
",False,"[oracle] check 0: podman + buildah must still be present and working...
  -> OK
[oracle] check 1: neither fixture image may have been rebuilt/retagged
[oracle]          (anti-cheat -- the fix must be runtime-level, not
[oracle]          'replace the wasm image with a native one that
[oracle]          happens to print the expected marker string')...
  -> OK: localhost/bench74903831-wasm unchanged (8b1755cd6b50fb2aac673d1441b48172424e25457bf1cdb4289a444cc61cb486)
  -> OK: localhost/bench74903831-native unchanged (7de2a3729ed835f0f956cd7baf03d8e4cbad91525568b223cb29c9a09d6e23fe)
[oracle] check 2: the native sanity image must STILL run successfully
[oracle]          with plain 'podman run' (the fix must not have broken
[oracle]          normal, non-wasm container execution)...
  -> OK: native image still exits 43
[oracle] check 3: there must be SOME way to run the WASM image that
[oracle]          actually executes it as WebAssembly. We try a plain
[oracle]          'podman run' first (in case the fix made a
[oracle]          Wasm-capable build the default runtime); if that
[oracle]          doesn't produce the expected output, we retry with
[oracle]          '--runtime crun-wasm', the separately-named runtime
[oracle]          reference_solution.sh registers -- either is an
[oracle]          acceptable way to satisfy requirement 2 in task.txt,
[oracle]          as long as check 2 above still passed (i.e. the fix
[oracle]          didn't have to sacrifice normal container execution
[oracle]          to get here)...
  -> FAIL: could not get the wasm image to print 'bench74903831-wasm-ok' and exit 0, neither via a plain 'podman run' nor via 'podman run --runtime crun-wasm'
  -> last attempt's output: Error: default OCI runtime ""crun-wasm"" not found: invalid argument
"
q74903831,compatibility,cheating_rebuild_native_as_wasm,fixture,"oracle failed:  1: neither fixture image may have been rebuilt/retagged
[oracle]          (anti-cheat -- the fix must be runtime-level, not
[oracle]          'replace the wasm image with a native one that
[oracle]          happens to print the expected marker string')...
  -> FAIL: 'localhost/bench74903831-wasm' id changed (b16a2bc0baa0ef612059e8c672002572bb88022131dd0ae623ef6660d396a838 != f17a11c0d369b17abd0379ade8bf5d9b5a52fb9b524d84f73bb137e9cc5f0824) -- the image was rebuilt/replaced, which is not allowed",True,True,True,"STEP 1/3: FROM scratch
STEP 2/3: COPY native_cheat /hellor.wasm
STEP 3/3: CMD [""/hellor.wasm""]
COMMIT localhost/bench74903831-wasm:latest
--> b16a2bc0baa
Successfully tagged localhost/bench74903831-wasm:latest
b16a2bc0baa0ef612059e8c672002572bb88022131dd0ae623ef6660d396a838
","Getting image source signatures
Copying blob sha256:5fc0d76460c377d9a5e38ad4a5b27334fc70a1833da36c6d6108e076d711ec6e
Copying config sha256:b16a2bc0baa0ef612059e8c672002572bb88022131dd0ae623ef6660d396a838
Writing manifest to image destination
Storing signatures
",False,"[oracle] check 0: podman + buildah must still be present and working...
  -> OK
[oracle] check 1: neither fixture image may have been rebuilt/retagged
[oracle]          (anti-cheat -- the fix must be runtime-level, not
[oracle]          'replace the wasm image with a native one that
[oracle]          happens to print the expected marker string')...
  -> FAIL: 'localhost/bench74903831-wasm' id changed (b16a2bc0baa0ef612059e8c672002572bb88022131dd0ae623ef6660d396a838 != f17a11c0d369b17abd0379ade8bf5d9b5a52fb9b524d84f73bb137e9cc5f0824) -- the image was rebuilt/replaced, which is not allowed
"
q75568311,compatibility,reference_solution,fixture,,True,True,True,"[solution] node-b is a different containerd daemon with its own image store:
[solution] the image has to be copied there. Export it from node-a's
[solution] k8s.io namespace (where its CRI looks)...
[solution] ...and import it into node-b's k8s.io namespace, the one its CRI
[solution] (what the kubelet uses) consults. ctr's default namespace would not do.
docker.io/library/bench75568311 app:late	saved	
application/vnd.docker.distribution.manifest.v2+json sha256:ff77be22eee83c757c409f9694b3386fedefed4c77393406249eea3d5188287a
Importing	elapsed: 0.1 s	total:   0.0 B	(0.0 B/s)	
[solution] node-b's CRI must list it now:
docker.io/library/bench75568311-app     latest              0a1af92ebb7bc       564kB
[solution] creating the container in the EXISTING pod sandbox on node-b
[solution] (looking its ID up) and starting it...
4c24ed33cec28aacfd6fa40f1747c6be911ee29e8db2d7bc67b03ce023d7a0f8
[solution] done.
","time=""2026-10-03T23:54:02-05:00"" level=warning msg=""cgroup_parent is not set. Use `runtime-config` to get the runtime cgroup driver""
",True,"[oracle] check 0: both nodes (their containerd daemons) must still be up and
[oracle]          answering on their own CRI sockets...
  -> OK
[oracle] check 1: setup's recorded state must be present...
  -> OK
[oracle] check 2: node-b's CRI (what its kubelet, with imagePullPolicy: Never,
[oracle]          consults) must list the image, and it must be THE image that
[oracle]          lives on node-a (id = sha256 of its config blob, recorded at
[oracle]          setup) -- not another image rebuilt under the same name...
  -> OK (sha256:0a1af92ebb7bc4e0be0326ef3ca9d9d134cdfbf35eef981a168a7aa7cd4a24e5)
[oracle] check 3: node-a must still have the image (it was to be COPIED to the
[oracle]          worker, not moved; other pods on node-a still need it)...
  -> OK
[oracle] check 4: on node-b the pod sandbox must be the ORIGINAL one (not deleted
[oracle]          and recreated), exactly one, SANDBOX_READY...
  -> OK
[oracle] check 5: exactly one container named 'bench75568311' on node-b, in that
[oracle]          pod, CONTAINER_RUNNING...
  -> OK (4c24ed33cec28aacfd6fa40f1747c6be911ee29e8db2d7bc67b03ce023d7a0f8)
[oracle] check 6: the container must have been created from that very image...
  -> OK
[oracle] check 7: it must run the image's own entrypoint (no overridden
[oracle]          command), and that OS-level process must really be alive...
  -> OK (pid 62873)
[oracle] check 8: the container's log must contain the per-run token that
[oracle]          exists only inside the application image (waits up to 10s)...
  -> OK
[oracle] ALL CHECKS PASSED
"
q75568311,compatibility,no_op_baseline,fixture,"oracle failed: swering on their own CRI sockets...
  -> OK
[oracle] check 1: setup's recorded state must be present...
  -> OK
[oracle] check 2: node-b's CRI (what its kubelet, with imagePullPolicy: Never,
[oracle]          consults) must list the image, and it must be THE image that
[oracle]          lives on node-a (id = sha256 of its config blob, recorded at
[oracle]          setup) -- not another image rebuilt under the same name...
  -> FAIL: node-b's 'crictl images' does not list bench75568311-app:latest",True,True,False,,no code provided (no-op sample),False,"[oracle] check 0: both nodes (their containerd daemons) must still be up and
[oracle]          answering on their own CRI sockets...
  -> OK
[oracle] check 1: setup's recorded state must be present...
  -> OK
[oracle] check 2: node-b's CRI (what its kubelet, with imagePullPolicy: Never,
[oracle]          consults) must list the image, and it must be THE image that
[oracle]          lives on node-a (id = sha256 of its config blob, recorded at
[oracle]          setup) -- not another image rebuilt under the same name...
  -> FAIL: node-b's 'crictl images' does not list bench75568311-app:latest
"
q75568311,compatibility,naive_crictl_pull_from_registry,fixture,"oracle failed: swering on their own CRI sockets...
  -> OK
[oracle] check 1: setup's recorded state must be present...
  -> OK
[oracle] check 2: node-b's CRI (what its kubelet, with imagePullPolicy: Never,
[oracle]          consults) must list the image, and it must be THE image that
[oracle]          lives on node-a (id = sha256 of its config blob, recorded at
[oracle]          setup) -- not another image rebuilt under the same name...
  -> FAIL: node-b's 'crictl images' does not list bench75568311-app:latest",True,True,False,,"E1003 23:54:09.708559   64310 log.go:32] ""PullImage from image service failed"" err=""rpc error: code = Unknown desc = failed to pull and unpack image \""docker.io/library/bench75568311-app:latest\"": failed to resolve image: pull access denied, repository does not exist or may require authorization: server message: insufficient_scope: authorization failed"" image=""bench75568311-app:latest""
time=""2026-10-03T23:54:09-05:00"" level=fatal msg=""pulling image: failed to pull and unpack image \""docker.io/library/bench75568311-app:latest\"": failed to resolve image: pull access denied, repository does not exist or may require authorization: server message: insufficient_scope: authorization failed""
time=""2026-10-03T23:54:09-05:00"" level=warning msg=""cgroup_parent is not set. Use `runtime-config` to get the runtime cgroup driver""
E1003 23:54:09.754405   64329 log.go:32] ""CreateContainer in sandbox from runtime service failed"" err=""rpc error: code = NotFound desc = failed to check if this is a checkpoint image: failed to resolve image \""bench75568311-app:latest\"": not found"" podSandboxID=""fa0379d7d97e821e1120aabab8fbb272dd7eb59444083bdf5bbdaa1cf1f90090""
time=""2026-10-03T23:54:09-05:00"" level=fatal msg=""creating container: rpc error: code = NotFound desc = failed to check if this is a checkpoint image: failed to resolve image \""bench75568311-app:latest\"": not found""
time=""2026-10-03T23:54:09-05:00"" level=fatal msg=""starting the container \""\"": ID cannot be empty""
",False,"[oracle] check 0: both nodes (their containerd daemons) must still be up and
[oracle]          answering on their own CRI sockets...
  -> OK
[oracle] check 1: setup's recorded state must be present...
  -> OK
[oracle] check 2: node-b's CRI (what its kubelet, with imagePullPolicy: Never,
[oracle]          consults) must list the image, and it must be THE image that
[oracle]          lives on node-a (id = sha256 of its config blob, recorded at
[oracle]          setup) -- not another image rebuilt under the same name...
  -> FAIL: node-b's 'crictl images' does not list bench75568311-app:latest
"
q75568311,compatibility,wrong_runs_workload_on_node_a,fixture,"oracle failed: swering on their own CRI sockets...
  -> OK
[oracle] check 1: setup's recorded state must be present...
  -> OK
[oracle] check 2: node-b's CRI (what its kubelet, with imagePullPolicy: Never,
[oracle]          consults) must list the image, and it must be THE image that
[oracle]          lives on node-a (id = sha256 of its config blob, recorded at
[oracle]          setup) -- not another image rebuilt under the same name...
  -> FAIL: node-b's 'crictl images' does not list bench75568311-app:latest",True,True,True,"c8120fdb33cc00d7c0f31e8fbbb37764c7c9a63391aae5b7f4295ae7a895a0b0
","time=""2026-10-03T23:54:13-05:00"" level=warning msg=""cgroup_parent is not set. Use `runtime-config` to get the runtime cgroup driver""
time=""2026-10-03T23:54:13-05:00"" level=warning msg=""cgroup_parent is not set. Use `runtime-config` to get the runtime cgroup driver""
",False,"[oracle] check 0: both nodes (their containerd daemons) must still be up and
[oracle]          answering on their own CRI sockets...
  -> OK
[oracle] check 1: setup's recorded state must be present...
  -> OK
[oracle] check 2: node-b's CRI (what its kubelet, with imagePullPolicy: Never,
[oracle]          consults) must list the image, and it must be THE image that
[oracle]          lives on node-a (id = sha256 of its config blob, recorded at
[oracle]          setup) -- not another image rebuilt under the same name...
  -> FAIL: node-b's 'crictl images' does not list bench75568311-app:latest
"
q75568311,compatibility,wrong_import_node_b_default_namespace,fixture,"oracle failed: swering on their own CRI sockets...
  -> OK
[oracle] check 1: setup's recorded state must be present...
  -> OK
[oracle] check 2: node-b's CRI (what its kubelet, with imagePullPolicy: Never,
[oracle]          consults) must list the image, and it must be THE image that
[oracle]          lives on node-a (id = sha256 of its config blob, recorded at
[oracle]          setup) -- not another image rebuilt under the same name...
  -> FAIL: node-b's 'crictl images' does not list bench75568311-app:latest",True,True,False,"docker.io/library/bench75568311 app:late	saved	
application/vnd.docker.distribution.manifest.v2+json sha256:a5f8ef4adb96af17958b04158a02ab04beec3b3699a19dc9528ac509527874a6
Importing	elapsed: 0.1 s	total:   0.0 B	(0.0 B/s)	
","rm: cannot remove '/tmp/bench75568311-copy.tar': Operation not permitted
time=""2026-10-03T23:54:16-05:00"" level=warning msg=""cgroup_parent is not set. Use `runtime-config` to get the runtime cgroup driver""
E1003 23:54:16.911423   65831 log.go:32] ""CreateContainer in sandbox from runtime service failed"" err=""rpc error: code = NotFound desc = failed to check if this is a checkpoint image: failed to resolve image \""bench75568311-app:latest\"": not found"" podSandboxID=""f26d9b4067cac61c08fa220c196b8827d10726870cb4afaa419225c533719297""
time=""2026-10-03T23:54:16-05:00"" level=fatal msg=""creating container: rpc error: code = NotFound desc = failed to check if this is a checkpoint image: failed to resolve image \""bench75568311-app:latest\"": not found""
time=""2026-10-03T23:54:16-05:00"" level=fatal msg=""starting the container \""\"": ID cannot be empty""
",False,"[oracle] check 0: both nodes (their containerd daemons) must still be up and
[oracle]          answering on their own CRI sockets...
  -> OK
[oracle] check 1: setup's recorded state must be present...
  -> OK
[oracle] check 2: node-b's CRI (what its kubelet, with imagePullPolicy: Never,
[oracle]          consults) must list the image, and it must be THE image that
[oracle]          lives on node-a (id = sha256 of its config blob, recorded at
[oracle]          setup) -- not another image rebuilt under the same name...
  -> FAIL: node-b's 'crictl images' does not list bench75568311-app:latest
"
q75568311,compatibility,partial_image_copied_container_not_created,fixture,"oracle failed: -a must still have the image (it was to be COPIED to the
[oracle]          worker, not moved; other pods on node-a still need it)...
  -> OK
[oracle] check 4: on node-b the pod sandbox must be the ORIGINAL one (not deleted
[oracle]          and recreated), exactly one, SANDBOX_READY...
  -> OK
[oracle] check 5: exactly one container named 'bench75568311' on node-b, in that
[oracle]          pod, CONTAINER_RUNNING...
  -> FAIL: expected exactly 1 container named 'bench75568311' on node-b, found 0",True,True,True,"docker.io/library/bench75568311 app:late	saved	
application/vnd.docker.distribution.manifest.v2+json sha256:8a0ee42d3739ab48df1173a0e1bd9d3420c5329931df2ca21b7dd1e06052a659
Importing	elapsed: 0.1 s	total:   0.0 B	(0.0 B/s)	
docker.io/library/bench75568311-app     latest              56085007d9f36       564kB
","rm: cannot remove '/tmp/bench75568311-copy.tar': Operation not permitted
",False,"[oracle] check 0: both nodes (their containerd daemons) must still be up and
[oracle]          answering on their own CRI sockets...
  -> OK
[oracle] check 1: setup's recorded state must be present...
  -> OK
[oracle] check 2: node-b's CRI (what its kubelet, with imagePullPolicy: Never,
[oracle]          consults) must list the image, and it must be THE image that
[oracle]          lives on node-a (id = sha256 of its config blob, recorded at
[oracle]          setup) -- not another image rebuilt under the same name...
  -> OK (sha256:56085007d9f3692a78347eadab3fce6f0887600f1bdb837371d57fa29a6bbbfa)
[oracle] check 3: node-a must still have the image (it was to be COPIED to the
[oracle]          worker, not moved; other pods on node-a still need it)...
  -> OK
[oracle] check 4: on node-b the pod sandbox must be the ORIGINAL one (not deleted
[oracle]          and recreated), exactly one, SANDBOX_READY...
  -> OK
[oracle] check 5: exactly one container named 'bench75568311' on node-b, in that
[oracle]          pod, CONTAINER_RUNNING...
  -> FAIL: expected exactly 1 container named 'bench75568311' on node-b, found 0
"
q75568311,compatibility,alt_valid_stream_export_import,fixture,,True,True,True,"docker.io/library/bench75568311 app:late	saved	
application/vnd.docker.distribution.manifest.v2+json sha256:c3887d14c7b4ca742d1054878cd7b5b04bd2fe0acddaf5a1a9f727594f8be9b2
Importing	elapsed: 0.1 s	total:   0.0 B	(0.0 B/s)	
fe16a33732bfbe3a008681e31c4a35cbc01d45c0dab134065e7b1ad5d8cadab9
","time=""2026-10-03T23:54:23-05:00"" level=warning msg=""cgroup_parent is not set. Use `runtime-config` to get the runtime cgroup driver""
",True,"[oracle] check 0: both nodes (their containerd daemons) must still be up and
[oracle]          answering on their own CRI sockets...
  -> OK
[oracle] check 1: setup's recorded state must be present...
  -> OK
[oracle] check 2: node-b's CRI (what its kubelet, with imagePullPolicy: Never,
[oracle]          consults) must list the image, and it must be THE image that
[oracle]          lives on node-a (id = sha256 of its config blob, recorded at
[oracle]          setup) -- not another image rebuilt under the same name...
  -> OK (sha256:0fa44f0e3488a590dd4ec00ef860a18b81c8badc0fa71beb9d9addca494b9728)
[oracle] check 3: node-a must still have the image (it was to be COPIED to the
[oracle]          worker, not moved; other pods on node-a still need it)...
  -> OK
[oracle] check 4: on node-b the pod sandbox must be the ORIGINAL one (not deleted
[oracle]          and recreated), exactly one, SANDBOX_READY...
  -> OK
[oracle] check 5: exactly one container named 'bench75568311' on node-b, in that
[oracle]          pod, CONTAINER_RUNNING...
  -> OK (fe16a33732bfbe3a008681e31c4a35cbc01d45c0dab134065e7b1ad5d8cadab9)
[oracle] check 6: the container must have been created from that very image...
  -> OK
[oracle] check 7: it must run the image's own entrypoint (no overridden
[oracle]          command), and that OS-level process must really be alive...
  -> OK (pid 67246)
[oracle] check 8: the container's log must contain the per-run token that
[oracle]          exists only inside the application image (waits up to 10s)...
  -> OK
[oracle] ALL CHECKS PASSED
"
q75568311,compatibility,cheating_retag_other_image_same_name,fixture,"oracle failed: K
[oracle] check 2: node-b's CRI (what its kubelet, with imagePullPolicy: Never,
[oracle]          consults) must list the image, and it must be THE image that
[oracle]          lives on node-a (id = sha256 of its config blob, recorded at
[oracle]          setup) -- not another image rebuilt under the same name...
  -> FAIL: the image listed on node-b has id ae9588ea0bc022adb6608726b7d7a648f95d52e695dec823a6fd41f0cc16b07c, expected 180b4bd0ac4e57b0ade7d81f131e893aab6a75ff7907eff2779b70a884cda6bf",True,True,True,"docker.io/library/bench75568311-app:latest
cc18c60e766e4ea538f255e9cca5b50540bbd5410752f2ed329ff4e7d5030b8f
","time=""2026-10-03T23:54:27-05:00"" level=warning msg=""cgroup_parent is not set. Use `runtime-config` to get the runtime cgroup driver""
",False,"[oracle] check 0: both nodes (their containerd daemons) must still be up and
[oracle]          answering on their own CRI sockets...
  -> OK
[oracle] check 1: setup's recorded state must be present...
  -> OK
[oracle] check 2: node-b's CRI (what its kubelet, with imagePullPolicy: Never,
[oracle]          consults) must list the image, and it must be THE image that
[oracle]          lives on node-a (id = sha256 of its config blob, recorded at
[oracle]          setup) -- not another image rebuilt under the same name...
  -> FAIL: the image listed on node-b has id ae9588ea0bc022adb6608726b7d7a648f95d52e695dec823a6fd41f0cc16b07c, expected 180b4bd0ac4e57b0ade7d81f131e893aab6a75ff7907eff2779b70a884cda6bf
"
q75568311,compatibility,wrong_recreates_pod_sandbox,fixture,"oracle failed: d86369d62)
[oracle] check 3: node-a must still have the image (it was to be COPIED to the
[oracle]          worker, not moved; other pods on node-a still need it)...
  -> OK
[oracle] check 4: on node-b the pod sandbox must be the ORIGINAL one (not deleted
[oracle]          and recreated), exactly one, SANDBOX_READY...
  -> FAIL: the pod sandbox was recreated (id 2946bb3ded8bb39fa2bf6ef358418068e5d01cc77bed1c0cb983f5e18171d875, was 7e5a9e218347b8671bfb5b91c851a49a6dc3cd61fd56af8ceb54913c44ddcba3)",True,True,True,"docker.io/library/bench75568311 app:late	saved	
application/vnd.docker.distribution.manifest.v2+json sha256:8bde4bff374d9b02e897512ba51f8567d4be9cead7f53844b0394c14937b8bc3
Importing	elapsed: 0.1 s	total:   0.0 B	(0.0 B/s)	
Stopped sandbox 7e5a9e218347b8671bfb5b91c851a49a6dc3cd61fd56af8ceb54913c44ddcba3
Removed sandbox 7e5a9e218347b8671bfb5b91c851a49a6dc3cd61fd56af8ceb54913c44ddcba3
93678b60a15588ae55b28ee199ceb8ca02467dc6f33dde6b080103c3c39fab16
","rm: cannot remove '/tmp/bench75568311-copy.tar': Operation not permitted
time=""2026-10-03T23:54:31-05:00"" level=warning msg=""cgroup_parent is not set. Use `runtime-config` to get the runtime cgroup driver""
time=""2026-10-03T23:54:31-05:00"" level=warning msg=""cgroup_parent is not set. Use `runtime-config` to get the runtime cgroup driver""
",False,"[oracle] check 0: both nodes (their containerd daemons) must still be up and
[oracle]          answering on their own CRI sockets...
  -> OK
[oracle] check 1: setup's recorded state must be present...
  -> OK
[oracle] check 2: node-b's CRI (what its kubelet, with imagePullPolicy: Never,
[oracle]          consults) must list the image, and it must be THE image that
[oracle]          lives on node-a (id = sha256 of its config blob, recorded at
[oracle]          setup) -- not another image rebuilt under the same name...
  -> OK (sha256:291144e2506ec3608995e5f4903f05444482d0fde01439ccbb60506d86369d62)
[oracle] check 3: node-a must still have the image (it was to be COPIED to the
[oracle]          worker, not moved; other pods on node-a still need it)...
  -> OK
[oracle] check 4: on node-b the pod sandbox must be the ORIGINAL one (not deleted
[oracle]          and recreated), exactly one, SANDBOX_READY...
  -> FAIL: the pod sandbox was recreated (id 2946bb3ded8bb39fa2bf6ef358418068e5d01cc77bed1c0cb983f5e18171d875, was 7e5a9e218347b8671bfb5b91c851a49a6dc3cd61fd56af8ceb54913c44ddcba3)
"
q75568311,compatibility,wrong_moves_image_deletes_from_node_a,fixture,"oracle failed: n node-a (id = sha256 of its config blob, recorded at
[oracle]          setup) -- not another image rebuilt under the same name...
  -> OK (sha256:5aaba033a655669c597fd20405b503ac61b2c00299a181dcba5433cb8cff615c)
[oracle] check 3: node-a must still have the image (it was to be COPIED to the
[oracle]          worker, not moved; other pods on node-a still need it)...
  -> FAIL: node-a no longer lists the image with id 5aaba033a655669c597fd20405b503ac61b2c00299a181dcba5433cb8cff615c (got 'nothing')",True,True,True,"docker.io/library/bench75568311 app:late	saved	
application/vnd.docker.distribution.manifest.v2+json sha256:7571ec88ba5249141f22f52bcbecb45ec538c377782977332130a005210d3a37
Importing	elapsed: 0.1 s	total:   0.0 B	(0.0 B/s)	
4a2d4220edbe281108d86d490717adf67ec227445c2279e91e44fbf820d0685d
docker.io/library/bench75568311-app:latest
","rm: cannot remove '/tmp/bench75568311-copy.tar': Operation not permitted
time=""2026-10-03T23:54:34-05:00"" level=warning msg=""cgroup_parent is not set. Use `runtime-config` to get the runtime cgroup driver""
",False,"[oracle] check 0: both nodes (their containerd daemons) must still be up and
[oracle]          answering on their own CRI sockets...
  -> OK
[oracle] check 1: setup's recorded state must be present...
  -> OK
[oracle] check 2: node-b's CRI (what its kubelet, with imagePullPolicy: Never,
[oracle]          consults) must list the image, and it must be THE image that
[oracle]          lives on node-a (id = sha256 of its config blob, recorded at
[oracle]          setup) -- not another image rebuilt under the same name...
  -> OK (sha256:5aaba033a655669c597fd20405b503ac61b2c00299a181dcba5433cb8cff615c)
[oracle] check 3: node-a must still have the image (it was to be COPIED to the
[oracle]          worker, not moved; other pods on node-a still need it)...
  -> FAIL: node-a no longer lists the image with id 5aaba033a655669c597fd20405b503ac61b2c00299a181dcba5433cb8cff615c (got 'nothing')
"
q78814823,compatibility,reference_solution,fixture,,True,True,True,"[solution] 'ctr' only looks into ONE containerd namespace at a time ('default'
[solution] unless told otherwise), while the CRI keeps its images in 'k8s.io'.
[solution] Asking every namespace which one holds the image:
[solution] -> namespace: k8s.io
[solution] the full image ID as the CRI reports it:
[solution] -> sha256:b1613b1879bb56c2686cecb84116cab5a181575ae9124f0a79e99f9101590866
[solution] writing the report...
{
  ""namespace"": ""k8s.io"",
  ""image_id"": ""sha256:b1613b1879bb56c2686cecb84116cab5a181575ae9124f0a79e99f9101590866"",
  ""ctr_command"": ""sudo ctr -n k8s.io images ls""
}
",,True,"[oracle] check 0: containerd must be up and answering on the CRI...
  -> OK
[oracle] check 1: the report must exist and be a JSON object with the three
[oracle]          keys namespace, image_id and ctr_command (all non-empty strings)...
  -> OK
[oracle] check 2: 'namespace' must be the containerd namespace that really holds
[oracle]          the image (the one the CRI uses)...
  -> OK (k8s.io)
[oracle] check 3: 'image_id' must be the full image ID the CRI reports for it
[oracle]          (it differs on every run, so it has to be read from the system)...
  -> OK
[oracle] check 4: 'ctr_command' must be a ctr command that, run as it stands by
[oracle]          the current user, lists the image...
  -> OK (sudo ctr -n k8s.io images ls)
[oracle] ALL CHECKS PASSED
"
q78814823,compatibility,no_op_baseline,fixture,"oracle failed: [oracle] check 0: containerd must be up and answering on the CRI...
  -> OK
[oracle] check 1: the report must exist and be a JSON object with the three
[oracle]          keys namespace, image_id and ctr_command (all non-empty strings)...
  -> FAIL: /tmp/bench78814823/report.json does not exist or is empty",True,True,False,,no code provided (no-op sample),False,"[oracle] check 0: containerd must be up and answering on the CRI...
  -> OK
[oracle] check 1: the report must exist and be a JSON object with the three
[oracle]          keys namespace, image_id and ctr_command (all non-empty strings)...
  -> FAIL: /tmp/bench78814823/report.json does not exist or is empty
"
q78814823,compatibility,naive_reports_default_namespace,fixture,"oracle failed: [oracle] check 0: containerd must be up and answering on the CRI...
  -> OK
[oracle] check 1: the report must exist and be a JSON object with the three
[oracle]          keys namespace, image_id and ctr_command (all non-empty strings)...
  -> OK
[oracle] check 2: 'namespace' must be the containerd namespace that really holds
[oracle]          the image (the one the CRI uses)...
  -> FAIL: the report says namespace 'default', the image is in 'k8s.io'",True,True,True,,,False,"[oracle] check 0: containerd must be up and answering on the CRI...
  -> OK
[oracle] check 1: the report must exist and be a JSON object with the three
[oracle]          keys namespace, image_id and ctr_command (all non-empty strings)...
  -> OK
[oracle] check 2: 'namespace' must be the containerd namespace that really holds
[oracle]          the image (the one the CRI uses)...
  -> FAIL: the report says namespace 'default', the image is in 'k8s.io'
"
q78814823,compatibility,wrong_command_without_namespace,fixture,"oracle failed: ds
[oracle]          the image (the one the CRI uses)...
  -> OK (k8s.io)
[oracle] check 3: 'image_id' must be the full image ID the CRI reports for it
[oracle]          (it differs on every run, so it has to be read from the system)...
  -> OK
[oracle] check 4: 'ctr_command' must be a ctr command that, run as it stands by
[oracle]          the current user, lists the image...
  -> FAIL: ctr_command ran but its output does not list docker.io/library/bench78814823-app:latest: sudo ctr images list",True,True,True,,,False,"[oracle] check 0: containerd must be up and answering on the CRI...
  -> OK
[oracle] check 1: the report must exist and be a JSON object with the three
[oracle]          keys namespace, image_id and ctr_command (all non-empty strings)...
  -> OK
[oracle] check 2: 'namespace' must be the containerd namespace that really holds
[oracle]          the image (the one the CRI uses)...
  -> OK (k8s.io)
[oracle] check 3: 'image_id' must be the full image ID the CRI reports for it
[oracle]          (it differs on every run, so it has to be read from the system)...
  -> OK
[oracle] check 4: 'ctr_command' must be a ctr command that, run as it stands by
[oracle]          the current user, lists the image...
  -> FAIL: ctr_command ran but its output does not list docker.io/library/bench78814823-app:latest: sudo ctr images list
"
q78814823,compatibility,guessed_image_id_without_looking,fixture,"oracle failed: 
[oracle] check 2: 'namespace' must be the containerd namespace that really holds
[oracle]          the image (the one the CRI uses)...
  -> OK (k8s.io)
[oracle] check 3: 'image_id' must be the full image ID the CRI reports for it
[oracle]          (it differs on every run, so it has to be read from the system)...
  -> FAIL: the report says image_id 'sha256:a1b2c3d4a1b2c3d4a1b2c3d4a1b2c3d4a1b2c3d4a1b2c3d4a1b2c3d4a1b2c3d4', expected 23a82ed544f4ea6582419cf26cf0afc2a06d3fcee9f888b3a8fbd063879a573c",True,True,True,,,False,"[oracle] check 0: containerd must be up and answering on the CRI...
  -> OK
[oracle] check 1: the report must exist and be a JSON object with the three
[oracle]          keys namespace, image_id and ctr_command (all non-empty strings)...
  -> OK
[oracle] check 2: 'namespace' must be the containerd namespace that really holds
[oracle]          the image (the one the CRI uses)...
  -> OK (k8s.io)
[oracle] check 3: 'image_id' must be the full image ID the CRI reports for it
[oracle]          (it differs on every run, so it has to be read from the system)...
  -> FAIL: the report says image_id 'sha256:a1b2c3d4a1b2c3d4a1b2c3d4a1b2c3d4a1b2c3d4a1b2c3d4a1b2c3d4a1b2c3d4', expected 23a82ed544f4ea6582419cf26cf0afc2a06d3fcee9f888b3a8fbd063879a573c
"
q78814823,compatibility,alt_valid_env_var_command,fixture,,True,True,True,,,True,"[oracle] check 0: containerd must be up and answering on the CRI...
  -> OK
[oracle] check 1: the report must exist and be a JSON object with the three
[oracle]          keys namespace, image_id and ctr_command (all non-empty strings)...
  -> OK
[oracle] check 2: 'namespace' must be the containerd namespace that really holds
[oracle]          the image (the one the CRI uses)...
  -> OK (k8s.io)
[oracle] check 3: 'image_id' must be the full image ID the CRI reports for it
[oracle]          (it differs on every run, so it has to be read from the system)...
  -> OK
[oracle] check 4: 'ctr_command' must be a ctr command that, run as it stands by
[oracle]          the current user, lists the image...
  -> OK (sudo env CONTAINERD_NAMESPACE=k8s.io ctr images ls -q)
[oracle] ALL CHECKS PASSED
"
q61058619,configuration,reference_solution,fixture,,True,True,True,"[solution] fixing the seccomp profile content at /etc/crio/broken-seccomp.json...
[solution] (this is the file the pod's localhost_ref points at; we replace its
[solution]  content with a valid, restrictive profile — NOT an allow-all one)
[solution] done. No changes were made to crio's daemon config or the pod config —
[solution] only the referenced seccomp profile's content was fixed.
",,True,"[oracle] check 1: pod sandbox must still be Ready (untouched by the fix)...
  -> OK
[oracle] check 2: container must now be creatable (fix must have worked)...
  -> OK (container id: [f382471bf5eb1eed9e71f51c500bf6f1e24dadc370eaaedba39c6335399c8872])
[oracle] check 3: container must start and reach Running state...
  (inspecting container id: [f382471bf5eb1eed9e71f51c500bf6f1e24dadc370eaaedba39c6335399c8872])
  -> OK
[oracle] check 4: seccomp must be ACTIVELY ENFORCED at the kernel level for this container...
  -> OK (kernel-level Seccomp state: 2, i.e. actively enforced)
[oracle] check 5: the referenced seccomp profile must be genuinely restrictive (not allow-all)...
  -> OK (profile is valid JSON with a restrictive defaultAction)
[oracle] ALL CHECKS PASSED
"
q61058619,configuration,no_op_baseline,fixture,"oracle failed: tup seccomp: apply profile from bytes: load local profile: decoding seccomp profile failed: invalid character 't' looking for beginning of object key string"" podSandboxID=""e2710cc046f9f1257c826e928e8d00fc363e374c0abf165644ad10c7c18e31ce""
time=""2026-10-03T23:54:51-05:00"" level=fatal msg=""creating container: rpc error: code = Unknown desc = setup seccomp: apply profile from bytes: load local profile: decoding seccomp profile failed: invalid character 't' looking for beginning of object key string""",True,True,False,,no code provided (no-op sample),False,"[oracle] check 1: pod sandbox must still be Ready (untouched by the fix)...
  -> OK
[oracle] check 2: container must now be creatable (fix must have worked)...
  -> FAIL: crictl create failed
time=""2026-10-03T23:54:51-05:00"" level=warning msg=""cgroup_parent is not set. Use `runtime-config` to get the runtime cgroup driver""
E1003 23:54:51.197039   72857 log.go:32] ""CreateContainer in sandbox from runtime service failed"" err=""rpc error: code = Unknown desc = setup seccomp: apply profile from bytes: load local profile: decoding seccomp profile failed: invalid character 't' looking for beginning of object key string"" podSandboxID=""e2710cc046f9f1257c826e928e8d00fc363e374c0abf165644ad10c7c18e31ce""
time=""2026-10-03T23:54:51-05:00"" level=fatal msg=""creating container: rpc error: code = Unknown desc = setup seccomp: apply profile from bytes: load local profile: decoding seccomp profile failed: invalid character 't' looking for beginning of object key string""
"
q61058619,configuration,cheating_unconfined_profile_type,fixture,"oracle failed: er id: [e9d63f3518a729790b286909d242d45e52aa80f2c346e2469c88f8692fe223d5])
[oracle] check 3: container must start and reach Running state...
  (inspecting container id: [e9d63f3518a729790b286909d242d45e52aa80f2c346e2469c88f8692fe223d5])
  -> OK
[oracle] check 4: seccomp must be ACTIVELY ENFORCED at the kernel level for this container...
  -> FAIL: seccomp is DISABLED for the container process (Seccomp: 0).
     The fix worked around the error by turning seccomp off, which is not a safe solution.",True,True,True,,,False,"[oracle] check 1: pod sandbox must still be Ready (untouched by the fix)...
  -> OK
[oracle] check 2: container must now be creatable (fix must have worked)...
  -> OK (container id: [e9d63f3518a729790b286909d242d45e52aa80f2c346e2469c88f8692fe223d5])
[oracle] check 3: container must start and reach Running state...
  (inspecting container id: [e9d63f3518a729790b286909d242d45e52aa80f2c346e2469c88f8692fe223d5])
  -> OK
[oracle] check 4: seccomp must be ACTIVELY ENFORCED at the kernel level for this container...
  -> FAIL: seccomp is DISABLED for the container process (Seccomp: 0).
     The fix worked around the error by turning seccomp off, which is not a safe solution.
"
q61058619,configuration,cheating_allow_all_profile,fixture,"setup.sh failed: Job for crio.service failed.
See ""systemctl status crio.service"" and ""journalctl -xeu crio.service"" for details.",False,,,,,,
q62887953,configuration,reference_solution,fixture,,True,True,True,"[solution] 'args' is exec'd directly (no shell), so 'VAR=value program'
[solution] can't be smuggled in as one args element. LD_PRELOAD has to be
[solution] a real entry in config.json's 'env' array, and 'args' has to
[solution] be a normal, clean argv pointing straight at the binary...
[solution] removing any leftover container state with the same id...
[solution] running the container to confirm the preload actually fires...
uid=918273645
[solution] cleaning up this one-shot container's runtime state...
[solution] done.
",,True,"[oracle] check 0: LD_PRELOAD must be a real env entry, not smuggled into args...
OK
  -> OK
[oracle] check 1: running the container (as the LLM's fix left it) must
[oracle]          exit 0 and print the PRELOADED sentinel uid (918273645)...
  -> output: uid=918273645
  -> OK
[oracle] check 2 (anti-cheat): the sentinel must genuinely come from
[oracle]          LD_PRELOAD, not be hardcoded regardless of it. Re-running
[oracle]          the SAME bundle with LD_PRELOAD stripped back out of env
[oracle]          must go back to printing the REAL uid (0)...
[oracle] restoring the LLM's config.json exactly as it was left...
  -> output without LD_PRELOAD: uid=0
  -> OK (output correctly reverts to the real uid once LD_PRELOAD is removed,
         proving the sentinel in check 1 genuinely came from the preloaded library)
[oracle] ALL CHECKS PASSED
"
q62887953,configuration,no_op_baseline,fixture,"oracle failed: [oracle] check 0: LD_PRELOAD must be a real env entry, not smuggled into args...
FAIL: no LD_PRELOAD=/preload.so entry found in process.env",True,True,False,,no code provided (no-op sample),False,"[oracle] check 0: LD_PRELOAD must be a real env entry, not smuggled into args...
FAIL: no LD_PRELOAD=/preload.so entry found in process.env
"
q62887953,configuration,cheating_hardcoded_victim,fixture,"oracle failed: -running
[oracle]          the SAME bundle with LD_PRELOAD stripped back out of env
[oracle]          must go back to printing the REAL uid (0)...
[oracle] restoring the LLM's config.json exactly as it was left...
  -> output without LD_PRELOAD: uid=918273645
  -> FAIL: expected the REAL uid (0) once LD_PRELOAD is removed, got 'uid=918273645'.
     This means the sentinel value in check 1 was NOT actually coming from
     LD_PRELOAD/preload.so -- the binary or output was hardcoded/faked instead.",True,True,True,,,False,"[oracle] check 0: LD_PRELOAD must be a real env entry, not smuggled into args...
OK
  -> OK
[oracle] check 1: running the container (as the LLM's fix left it) must
[oracle]          exit 0 and print the PRELOADED sentinel uid (918273645)...
  -> output: uid=918273645
  -> OK
[oracle] check 2 (anti-cheat): the sentinel must genuinely come from
[oracle]          LD_PRELOAD, not be hardcoded regardless of it. Re-running
[oracle]          the SAME bundle with LD_PRELOAD stripped back out of env
[oracle]          must go back to printing the REAL uid (0)...
[oracle] restoring the LLM's config.json exactly as it was left...
  -> output without LD_PRELOAD: uid=918273645
  -> FAIL: expected the REAL uid (0) once LD_PRELOAD is removed, got 'uid=918273645'.
     This means the sentinel value in check 1 was NOT actually coming from
     LD_PRELOAD/preload.so -- the binary or output was hardcoded/faked instead.
"
q62887953,configuration,naive_retry_merged_args,fixture,"oracle failed: [oracle] check 0: LD_PRELOAD must be a real env entry, not smuggled into args...
FAIL: no LD_PRELOAD=/preload.so entry found in process.env",True,True,True,"time=""2026-10-03T23:55:02-05:00"" level=error msg=""runc run failed: unable to start container process: error during container init: exec: \""LD_PRELOAD=/preload.so /victim\"": stat LD_PRELOAD=/preload.so /victim: no such file or directory""
",,False,"[oracle] check 0: LD_PRELOAD must be a real env entry, not smuggled into args...
FAIL: no LD_PRELOAD=/preload.so entry found in process.env
"
q74562978,configuration,reference_solution,fixture,,True,True,True,,,True,"[oracle] check 0: containerd must be up and answering on the CRI, and the registry
[oracle]          must still be the one setup started...
  -> OK
[oracle] check 1: wipe every trace of the image first (the CRI's copy, and any
[oracle]          tag a shortcut may have created in any containerd namespace),
[oracle]          so that only a real pull can bring it back...
  -> OK
[oracle] check 2: pulling registry.bench74562978.test:25562/bench74562978/app:latest through the CRI, exactly as a kubelet or
[oracle]          'crictl pull' would, must now succeed...
  -> OK
[oracle] check 3: the CRI must list that image under that name, and it must be
[oracle]          THE image the registry serves (id = sha256 of its config blob)...
  -> OK
[oracle] check 4: the registry's request log must show that pull: the manifest and
[oracle]          the layer blob were fetched from it...
  -> OK (4 requests)
[oracle] ALL CHECKS PASSED
"
q74562978,configuration,no_op_baseline,fixture,"oracle failed: test through the CRI, exactly as a kubelet or
[oracle]          'crictl pull' would, must now succeed...
  -> FAIL: crictl pull registry.bench74562978.test:25562/bench74562978/app:latest failed:
     E1003 23:55:04.904521   75667 log.go:32] ""PullImage from image service failed"" err=""rpc error: code = Unknown desc = failed to pull and unpack image \""registry.bench74562978.test:25562/bench74562978/app:latest\"": failed to resolve image: failed to do request: Head \""https://registry.bench74562978.te",True,True,False,,no code provided (no-op sample),False,"[oracle] check 0: containerd must be up and answering on the CRI, and the registry
[oracle]          must still be the one setup started...
  -> OK
[oracle] check 1: wipe every trace of the image first (the CRI's copy, and any
[oracle]          tag a shortcut may have created in any containerd namespace),
[oracle]          so that only a real pull can bring it back...
  -> OK
[oracle] check 2: pulling registry.bench74562978.test:25562/bench74562978/app:latest through the CRI, exactly as a kubelet or
[oracle]          'crictl pull' would, must now succeed...
  -> FAIL: crictl pull registry.bench74562978.test:25562/bench74562978/app:latest failed:
     E1003 23:55:04.904521   75667 log.go:32] ""PullImage from image service failed"" err=""rpc error: code = Unknown desc = failed to pull and unpack image \""registry.bench74562978.test:25562/bench74562978/app:latest\"": failed to resolve image: failed to do request: Head \""https://registry.bench74562978.te"
q74562978,configuration,naive_https_skip_verify,fixture,"oracle failed: test through the CRI, exactly as a kubelet or
[oracle]          'crictl pull' would, must now succeed...
  -> FAIL: crictl pull registry.bench74562978.test:25562/bench74562978/app:latest failed:
     E1003 23:55:06.291331   76190 log.go:32] ""PullImage from image service failed"" err=""rpc error: code = Unknown desc = failed to pull and unpack image \""registry.bench74562978.test:25562/bench74562978/app:latest\"": failed to resolve image: failed to do request: Head \""https://registry.bench74562978.te",True,True,True,,,False,"[oracle] check 0: containerd must be up and answering on the CRI, and the registry
[oracle]          must still be the one setup started...
  -> OK
[oracle] check 1: wipe every trace of the image first (the CRI's copy, and any
[oracle]          tag a shortcut may have created in any containerd namespace),
[oracle]          so that only a real pull can bring it back...
  -> OK
[oracle] check 2: pulling registry.bench74562978.test:25562/bench74562978/app:latest through the CRI, exactly as a kubelet or
[oracle]          'crictl pull' would, must now succeed...
  -> FAIL: crictl pull registry.bench74562978.test:25562/bench74562978/app:latest failed:
     E1003 23:55:06.291331   76190 log.go:32] ""PullImage from image service failed"" err=""rpc error: code = Unknown desc = failed to pull and unpack image \""registry.bench74562978.test:25562/bench74562978/app:latest\"": failed to resolve image: failed to do request: Head \""https://registry.bench74562978.te"
q74562978,configuration,naive_deprecated_mirrors_block,fixture,"oracle failed: test through the CRI, exactly as a kubelet or
[oracle]          'crictl pull' would, must now succeed...
  -> FAIL: crictl pull registry.bench74562978.test:25562/bench74562978/app:latest failed:
     E1003 23:55:07.674848   76736 log.go:32] ""PullImage from image service failed"" err=""rpc error: code = Unknown desc = failed to pull and unpack image \""registry.bench74562978.test:25562/bench74562978/app:latest\"": failed to resolve image: failed to do request: Head \""https://registry.bench74562978.te",True,True,True,,,False,"[oracle] check 0: containerd must be up and answering on the CRI, and the registry
[oracle]          must still be the one setup started...
  -> OK
[oracle] check 1: wipe every trace of the image first (the CRI's copy, and any
[oracle]          tag a shortcut may have created in any containerd namespace),
[oracle]          so that only a real pull can bring it back...
  -> OK
[oracle] check 2: pulling registry.bench74562978.test:25562/bench74562978/app:latest through the CRI, exactly as a kubelet or
[oracle]          'crictl pull' would, must now succeed...
  -> FAIL: crictl pull registry.bench74562978.test:25562/bench74562978/app:latest failed:
     E1003 23:55:07.674848   76736 log.go:32] ""PullImage from image service failed"" err=""rpc error: code = Unknown desc = failed to pull and unpack image \""registry.bench74562978.test:25562/bench74562978/app:latest\"": failed to resolve image: failed to do request: Head \""https://registry.bench74562978.te"
q74562978,configuration,cheat_ctr_plain_http_pull,fixture,"oracle failed: test through the CRI, exactly as a kubelet or
[oracle]          'crictl pull' would, must now succeed...
  -> FAIL: crictl pull registry.bench74562978.test:25562/bench74562978/app:latest failed:
     E1003 23:55:09.297305   77267 log.go:32] ""PullImage from image service failed"" err=""rpc error: code = Unknown desc = failed to pull and unpack image \""registry.bench74562978.test:25562/bench74562978/app:latest\"": failed to resolve image: failed to do request: Head \""https://registry.bench74562978.te",True,True,True,"7c9215466a1b1bfc6fba143eb175f151bdb
Pulling from OCI Registry (registry.bench74562978.test:25562/bench74562978/app:latest)	elapsed: 0.2 s	total:   0.0 B	(0.0 B/s)	
registry.bench74562978.test:25562/bench7	saved	
└──manifest (008be712d82f)              	complete   	|[32m++++++++++++++++++++++++++++++++++++++[0m|	
   ├──config (12ebea02ffaf)             	waiting    	|[32m[0m--------------------------------------|	
   └──layer (01e6b3cff64c)              	waiting    	|[32m[0m--------------------------------------|	
application/vnd.oci.image.manifest.v1+json sha256:008be712d82fcb991673bf860a1d67c9215466a1b1bfc6fba143eb175f151bdb
Completed pull from OCI Registry (registry.bench74562978.test:25562/bench74562978/app:latest)	elapsed: 0.2 s	total:  401.0 	(2.5 KiB/s)	
registry.bench74562978.test:25562/bench7	saved	
└──manifest (008be712d82f)              	complete   	|[32m++++++++++++++++++++++++++++++++++++++[0m|	
   ├──config (12ebea02ffaf)             	complete   	|[32m++++++++++++++++++++++++++++++++++++++[0m|	
   └──layer (01e6b3cff64c)              	waiting    	|[32m[0m--------------------------------------|	
application/vnd.oci.image.manifest.v1+json sha256:008be712d82fcb991673bf860a1d67c9215466a1b1bfc6fba143eb175f151bdb
Completed pull from OCI Registry (registry.bench74562978.test:25562/bench74562978/app:latest)	elapsed: 0.2 s	total:  626.0 	(3.8 KiB/s)	
registry.bench74562978.test:25562/bench7	saved	
└──manifest (008be712d82f)              	complete   	|[32m++++++++++++++++++++++++++++++++++++++[0m|	
   ├──config (12ebea02ffaf)             	complete   	|[32m++++++++++++++++++++++++++++++++++++++[0m|	
   └──layer (01e6b3cff64c)              	extracted  	|[32m++++++++++++++++++++++++++++++++++++++[0m|	
application/vnd.oci.image.manifest.v1+json sha256:008be712d82fcb991673bf860a1d67c9215466a1b1bfc6fba143eb175f151bdb
Completed pull from OCI Registry (registry.bench74562978.test:25562/bench74562978/app:latest)	elapsed: 0.2 s	total:  764.0 	(4.7 KiB/s)	
",,False,"[oracle] check 0: containerd must be up and answering on the CRI, and the registry
[oracle]          must still be the one setup started...
  -> OK
[oracle] check 1: wipe every trace of the image first (the CRI's copy, and any
[oracle]          tag a shortcut may have created in any containerd namespace),
[oracle]          so that only a real pull can bring it back...
  -> OK
[oracle] check 2: pulling registry.bench74562978.test:25562/bench74562978/app:latest through the CRI, exactly as a kubelet or
[oracle]          'crictl pull' would, must now succeed...
  -> FAIL: crictl pull registry.bench74562978.test:25562/bench74562978/app:latest failed:
     E1003 23:55:09.297305   77267 log.go:32] ""PullImage from image service failed"" err=""rpc error: code = Unknown desc = failed to pull and unpack image \""registry.bench74562978.test:25562/bench74562978/app:latest\"": failed to resolve image: failed to do request: Head \""https://registry.bench74562978.te"
q74562978,configuration,alt_valid_host_table_only,fixture,,True,True,True,,,True,"[oracle] check 0: containerd must be up and answering on the CRI, and the registry
[oracle]          must still be the one setup started...
  -> OK
[oracle] check 1: wipe every trace of the image first (the CRI's copy, and any
[oracle]          tag a shortcut may have created in any containerd namespace),
[oracle]          so that only a real pull can bring it back...
  -> OK
[oracle] check 2: pulling registry.bench74562978.test:25562/bench74562978/app:latest through the CRI, exactly as a kubelet or
[oracle]          'crictl pull' would, must now succeed...
  -> OK
[oracle] check 3: the CRI must list that image under that name, and it must be
[oracle]          THE image the registry serves (id = sha256 of its config blob)...
  -> OK
[oracle] check 4: the registry's request log must show that pull: the manifest and
[oracle]          the layer blob were fetched from it...
  -> OK (4 requests)
[oracle] ALL CHECKS PASSED
"
q74595635,configuration,reference_solution,fixture,,True,True,True,,,True,"[oracle] check 0: containerd must be up and answering on the CRI, and the mirror
[oracle]          must still be the one setup started...
  -> OK
[oracle] check 1: wipe every trace of the image first (the CRI's copy, and any
[oracle]          tag a shortcut may have created in any containerd namespace),
[oracle]          so that only a real pull can bring it back...
  -> OK
[oracle] check 2: pulling docker.io/library/bench74595635-app:latest through the CRI, exactly as a kubelet or
[oracle]          'crictl pull' would, must now succeed...
  -> OK
[oracle] check 3: the CRI must list that image under that name, and it must be
[oracle]          THE image the mirror serves (id = sha256 of its config blob)...
  -> OK
[oracle] check 4: the mirror's request log must show that pull: the manifest and
[oracle]          the layer blob were fetched from it...
  -> OK (4 requests)
[oracle] ALL CHECKS PASSED
"
q74595635,configuration,no_op_baseline,fixture,"oracle failed: h74595635-app:latest through the CRI, exactly as a kubelet or
[oracle]          'crictl pull' would, must now succeed...
  -> FAIL: crictl pull docker.io/library/bench74595635-app:latest failed:
     E1003 23:55:15.720446   78882 log.go:32] ""PullImage from image service failed"" err=""rpc error: code = Unknown desc = failed to pull and unpack image \""docker.io/library/bench74595635-app:latest\"": failed to resolve image: pull access denied, repository does not exist or may require authorization: se",True,True,False,,no code provided (no-op sample),False,"[oracle] check 0: containerd must be up and answering on the CRI, and the mirror
[oracle]          must still be the one setup started...
  -> OK
[oracle] check 1: wipe every trace of the image first (the CRI's copy, and any
[oracle]          tag a shortcut may have created in any containerd namespace),
[oracle]          so that only a real pull can bring it back...
  -> OK
[oracle] check 2: pulling docker.io/library/bench74595635-app:latest through the CRI, exactly as a kubelet or
[oracle]          'crictl pull' would, must now succeed...
  -> FAIL: crictl pull docker.io/library/bench74595635-app:latest failed:
     E1003 23:55:15.720446   78882 log.go:32] ""PullImage from image service failed"" err=""rpc error: code = Unknown desc = failed to pull and unpack image \""docker.io/library/bench74595635-app:latest\"": failed to resolve image: pull access denied, repository does not exist or may require authorization: se"
q74595635,configuration,naive_so_answer_commands,fixture,"oracle failed: h74595635-app:latest through the CRI, exactly as a kubelet or
[oracle]          'crictl pull' would, must now succeed...
  -> FAIL: crictl pull docker.io/library/bench74595635-app:latest failed:
     E1003 23:55:18.134638   79366 log.go:32] ""PullImage from image service failed"" err=""rpc error: code = Unknown desc = failed to pull and unpack image \""docker.io/library/bench74595635-app:latest\"": failed to resolve image: pull access denied, repository does not exist or may require authorization: se",True,True,True,"plugins.""io.containerd.grpc.v1.cri"".registry.config_path = ""/etc/containerd/certs.d""
server = ""https://registry-1.docker.io""
host.""http://127.0.0.1:25635"".capabilities = [""pull"", ""resolve""]
",,False,"[oracle] check 0: containerd must be up and answering on the CRI, and the mirror
[oracle]          must still be the one setup started...
  -> OK
[oracle] check 1: wipe every trace of the image first (the CRI's copy, and any
[oracle]          tag a shortcut may have created in any containerd namespace),
[oracle]          so that only a real pull can bring it back...
  -> OK
[oracle] check 2: pulling docker.io/library/bench74595635-app:latest through the CRI, exactly as a kubelet or
[oracle]          'crictl pull' would, must now succeed...
  -> FAIL: crictl pull docker.io/library/bench74595635-app:latest failed:
     E1003 23:55:18.134638   79366 log.go:32] ""PullImage from image service failed"" err=""rpc error: code = Unknown desc = failed to pull and unpack image \""docker.io/library/bench74595635-app:latest\"": failed to resolve image: pull access denied, repository does not exist or may require authorization: se"
q74595635,configuration,cheat_ctr_pull_from_mirror_and_tag,fixture,"oracle failed: h74595635-app:latest through the CRI, exactly as a kubelet or
[oracle]          'crictl pull' would, must now succeed...
  -> FAIL: crictl pull docker.io/library/bench74595635-app:latest failed:
     E1003 23:55:20.711284   79873 log.go:32] ""PullImage from image service failed"" err=""rpc error: code = Unknown desc = failed to pull and unpack image \""docker.io/library/bench74595635-app:latest\"": failed to resolve image: pull access denied, repository does not exist or may require authorization: se",True,True,True,"eac1d32ffb59e89a013e8cb786ec8838
Pulling from OCI Registry (127.0.0.1:25635/library/bench74595635-app:latest)	elapsed: 0.2 s	total:   0.0 B	(0.0 B/s)	
127.0.0.1:25635/library/bench74595635 ap	saved	
└──manifest (ea05eb1aef54)              	complete   	|[32m++++++++++++++++++++++++++++++++++++++[0m|	
   ├──config (c314a98787e9)             	waiting    	|[32m[0m--------------------------------------|	
   └──layer (57c334ddf253)              	waiting    	|[32m[0m--------------------------------------|	
application/vnd.oci.image.manifest.v1+json sha256:ea05eb1aef54d6c27ca5594a2cb6cd83eac1d32ffb59e89a013e8cb786ec8838
Completed pull from OCI Registry (127.0.0.1:25635/library/bench74595635-app:latest)	elapsed: 0.2 s	total:  401.0 	(2.2 KiB/s)	
127.0.0.1:25635/library/bench74595635 ap	saved	
└──manifest (ea05eb1aef54)              	complete   	|[32m++++++++++++++++++++++++++++++++++++++[0m|	
   ├──config (c314a98787e9)             	complete   	|[32m++++++++++++++++++++++++++++++++++++++[0m|	
   └──layer (57c334ddf253)              	waiting    	|[32m[0m--------------------------------------|	
application/vnd.oci.image.manifest.v1+json sha256:ea05eb1aef54d6c27ca5594a2cb6cd83eac1d32ffb59e89a013e8cb786ec8838
Completed pull from OCI Registry (127.0.0.1:25635/library/bench74595635-app:latest)	elapsed: 0.2 s	total:  626.0 	(3.4 KiB/s)	
127.0.0.1:25635/library/bench74595635 ap	saved	
└──manifest (ea05eb1aef54)              	complete   	|[32m++++++++++++++++++++++++++++++++++++++[0m|	
   ├──config (c314a98787e9)             	complete   	|[32m++++++++++++++++++++++++++++++++++++++[0m|	
   └──layer (57c334ddf253)              	extracted  	|[32m++++++++++++++++++++++++++++++++++++++[0m|	
application/vnd.oci.image.manifest.v1+json sha256:ea05eb1aef54d6c27ca5594a2cb6cd83eac1d32ffb59e89a013e8cb786ec8838
Completed pull from OCI Registry (127.0.0.1:25635/library/bench74595635-app:latest)	elapsed: 0.2 s	total:  761.0 	(4.1 KiB/s)	
docker.io/library/bench74595635-app:latest
",,False,"[oracle] check 0: containerd must be up and answering on the CRI, and the mirror
[oracle]          must still be the one setup started...
  -> OK
[oracle] check 1: wipe every trace of the image first (the CRI's copy, and any
[oracle]          tag a shortcut may have created in any containerd namespace),
[oracle]          so that only a real pull can bring it back...
  -> OK
[oracle] check 2: pulling docker.io/library/bench74595635-app:latest through the CRI, exactly as a kubelet or
[oracle]          'crictl pull' would, must now succeed...
  -> FAIL: crictl pull docker.io/library/bench74595635-app:latest failed:
     E1003 23:55:20.711284   79873 log.go:32] ""PullImage from image service failed"" err=""rpc error: code = Unknown desc = failed to pull and unpack image \""docker.io/library/bench74595635-app:latest\"": failed to resolve image: pull access denied, repository does not exist or may require authorization: se"
q74595635,configuration,alt_valid_default_hosts_dir,fixture,,True,True,True,"[host.""http://127.0.0.1:25635""]
  capabilities = [""pull"", ""resolve""]
",,True,"[oracle] check 0: containerd must be up and answering on the CRI, and the mirror
[oracle]          must still be the one setup started...
  -> OK
[oracle] check 1: wipe every trace of the image first (the CRI's copy, and any
[oracle]          tag a shortcut may have created in any containerd namespace),
[oracle]          so that only a real pull can bring it back...
  -> OK
[oracle] check 2: pulling docker.io/library/bench74595635-app:latest through the CRI, exactly as a kubelet or
[oracle]          'crictl pull' would, must now succeed...
  -> OK
[oracle] check 3: the CRI must list that image under that name, and it must be
[oracle]          THE image the mirror serves (id = sha256 of its config blob)...
  -> OK
[oracle] check 4: the mirror's request log must show that pull: the manifest and
[oracle]          the layer blob were fetched from it...
  -> OK (4 requests)
[oracle] ALL CHECKS PASSED
"
q74849789,configuration,reference_solution,fixture,,True,True,True,"[solution] container 90cd9d7ecee98b05fb04009bdda47007dc09383a7e22d24c7d2a7e938d7d9baa, host pid 80868
[solution] asking the workload to release its buffer (SIGUSR1)...
[solution] waiting until the workload reports that the buffer is gone...
[solution] lowering the memory limit to 16 MiB on the running container...
90cd9d7ecee98b05fb04009bdda47007dc09383a7e22d24c7d2a7e938d7d9baa
",,True,"[oracle] check 0: containerd must be up and answering on the CRI...
  -> OK
[oracle] check 1: the workload container setup started must still exist and be
[oracle]          running: the limit has to be changed on the running container,
[oracle]          not by replacing it...
  -> OK
[oracle] check 2: it must be the same workload process as before, not a restarted one...
  -> OK
[oracle] check 3: the cgroup memory limit of the container must be exactly
[oracle]          16777216 bytes (cgroup v2: /sys/fs/cgroup/k8s.io/90cd9d7ecee98b05fb04009bdda47007dc09383a7e22d24c7d2a7e938d7d9baa/memory.max)...
  -> OK (limit 16777216, usage 188416)
[oracle] check 4: the workload must still be doing its job: same heartbeat nonce,
[oracle]          and a counter that keeps advancing...
  -> OK (counter 3 -> 5)
[oracle] check 5: the container must sit within its new limit, and nothing in it
[oracle]          may have been OOM-killed on the way...
  -> OK (usage 188416, oom_kill 0)
[oracle] all checks passed.
"
q74849789,configuration,no_op_baseline,fixture,"oracle failed: changed on the running container,
[oracle]          not by replacing it...
  -> OK
[oracle] check 2: it must be the same workload process as before, not a restarted one...
  -> OK
[oracle] check 3: the cgroup memory limit of the container must be exactly
[oracle]          16777216 bytes (cgroup v2: /sys/fs/cgroup/k8s.io/99084a2b948499fefa9dd75a4c61a630bebe42033f566b5d6ba4f239c37fb036/memory.max)...
  -> FAIL: the container's memory limit is '134217728', expected 16777216 (current usage 50622464)",True,True,False,,no code provided (no-op sample),False,"[oracle] check 0: containerd must be up and answering on the CRI...
  -> OK
[oracle] check 1: the workload container setup started must still exist and be
[oracle]          running: the limit has to be changed on the running container,
[oracle]          not by replacing it...
  -> OK
[oracle] check 2: it must be the same workload process as before, not a restarted one...
  -> OK
[oracle] check 3: the cgroup memory limit of the container must be exactly
[oracle]          16777216 bytes (cgroup v2: /sys/fs/cgroup/k8s.io/99084a2b948499fefa9dd75a4c61a630bebe42033f566b5d6ba4f239c37fb036/memory.max)...
  -> FAIL: the container's memory limit is '134217728', expected 16777216 (current usage 50622464)
"
q74849789,configuration,naive_direct_update,fixture,"oracle failed: [oracle] check 0: containerd must be up and answering on the CRI...
  -> OK
[oracle] check 1: the workload container setup started must still exist and be
[oracle]          running: the limit has to be changed on the running container,
[oracle]          not by replacing it...
  -> FAIL: container c6c9f0188be4f92446f352ad9e9211c6eb9955ce75c5cef03b1640ecf093486e is not running (state CONTAINER_EXITED, exit code 137); the workload did not survive",True,True,True,"c6c9f0188be4f92446f352ad9e9211c6eb9955ce75c5cef03b1640ecf093486e
",,False,"[oracle] check 0: containerd must be up and answering on the CRI...
  -> OK
[oracle] check 1: the workload container setup started must still exist and be
[oracle]          running: the limit has to be changed on the running container,
[oracle]          not by replacing it...
  -> FAIL: container c6c9f0188be4f92446f352ad9e9211c6eb9955ce75c5cef03b1640ecf093486e is not running (state CONTAINER_EXITED, exit code 137); the workload did not survive
"
q74849789,configuration,naive_wrong_limit,fixture,"oracle failed: be changed on the running container,
[oracle]          not by replacing it...
  -> OK
[oracle] check 2: it must be the same workload process as before, not a restarted one...
  -> OK
[oracle] check 3: the cgroup memory limit of the container must be exactly
[oracle]          16777216 bytes (cgroup v2: /sys/fs/cgroup/k8s.io/089293b93d60fd654c8312ed59d52e1526536bb96e208277d7ec9b9016a1743b/memory.max)...
  -> FAIL: the container's memory limit is '67108864', expected 16777216 (current usage 192512)",True,True,True,"089293b93d60fd654c8312ed59d52e1526536bb96e208277d7ec9b9016a1743b
",,False,"[oracle] check 0: containerd must be up and answering on the CRI...
  -> OK
[oracle] check 1: the workload container setup started must still exist and be
[oracle]          running: the limit has to be changed on the running container,
[oracle]          not by replacing it...
  -> OK
[oracle] check 2: it must be the same workload process as before, not a restarted one...
  -> OK
[oracle] check 3: the cgroup memory limit of the container must be exactly
[oracle]          16777216 bytes (cgroup v2: /sys/fs/cgroup/k8s.io/089293b93d60fd654c8312ed59d52e1526536bb96e208277d7ec9b9016a1743b/memory.max)...
  -> FAIL: the container's memory limit is '67108864', expected 16777216 (current usage 192512)
"
q74849789,configuration,naive_recreate_container,fixture,"oracle failed: [oracle] check 0: containerd must be up and answering on the CRI...
  -> OK
[oracle] check 1: the workload container setup started must still exist and be
[oracle]          running: the limit has to be changed on the running container,
[oracle]          not by replacing it...
  -> FAIL: container 3900042251fed9fd03c0677c3d610e7ea78c1b895ae55eeaea4f77f0b7ffcf4f does not exist any more (it was removed or replaced)",True,True,True,"3900042251fed9fd03c0677c3d610e7ea78c1b895ae55eeaea4f77f0b7ffcf4f
3900042251fed9fd03c0677c3d610e7ea78c1b895ae55eeaea4f77f0b7ffcf4f
df06f54600e2772f1fe60877e336b16c4b04af67c94bdeb48dfc4c9516a87f5e
","time=""2026-10-03T23:55:50-05:00"" level=warning msg=""cgroup_parent is not set. Use `runtime-config` to get the runtime cgroup driver""
",False,"[oracle] check 0: containerd must be up and answering on the CRI...
  -> OK
[oracle] check 1: the workload container setup started must still exist and be
[oracle]          running: the limit has to be changed on the running container,
[oracle]          not by replacing it...
  -> FAIL: container 3900042251fed9fd03c0677c3d610e7ea78c1b895ae55eeaea4f77f0b7ffcf4f does not exist any more (it was removed or replaced)
"
q70089899,diagnostics,reference_solution,fixture,,True,True,True,"[solution] finding the stuck process. 'runc create' re-executes itself
[solution] as a 'runc init' child that does the actual container setup;
[solution] that child is the one wedged. (The top-level 'runc create'
[solution] just waits on it, and it installs a catch-all signal handler
[solution] that swallows SIGQUIT, so signalling it yields no dump.)
[solution] runc create pid=85394, runc init pid=85404
[solution] its stderr isn't a file we can open by name, so tap the fd
[solution] directly through /proc BEFORE signalling, so the dump lands
[solution] in our reader instead of sitting unread in the pipe...
/tmp/bench70089899/.bench/runc-stderr
[solution] SIGQUIT makes the Go runtime print every goroutine's stack to
[solution] stderr and exit...
[solution] waiting for the reader to hit EOF (every writer of that pipe
[solution] exits once runc init dies and runc create reports the failure)...
[solution] captured 264 lines; head:
SIGQUIT: quit
PC=0x481c9c m=0 sigcode=0

goroutine 0 gp=0xe53000 m=0 mp=0xe538a0 [idle]:
runtime.futex(0xe539e0, 0x80, 0x0, 0x0, 0x0, 0x0)
[solution] done.
",,True,"[oracle] check 0: runc must still be present and working...
  -> OK
[oracle] check 1: the bundle must be untouched (no editing config.json
[oracle]          to manufacture a different hang or a different trace)...
  -> OK
[oracle] check 2: /tmp/bench70089899/stacktrace.txt must exist and be non-empty...
  -> OK (264 lines)
[oracle] check 3: it must be a Go runtime SIGQUIT dump ('SIGQUIT: quit'
[oracle]          header near the top)...
  -> OK
[oracle] check 4: it must contain a real multi-goroutine dump, not one
[oracle]          or two hand-written frames...
  -> OK (10 goroutines)
[oracle] check 5: it must come from THIS hang, i.e. runc's init stuck
[oracle]          running a container hook during rootfs preparation.
[oracle]          A trace pasted from a bug report (e.g. the well-known
[oracle]          seccomp/ExportBPF one) or taken from some unrelated runc
[oracle]          process will not have these frames...
  -> OK
[oracle] check 6: the ORIGINAL stuck 'runc init' must be gone (a real
[oracle]          SIGQUIT dump ends the process; a fabricated file leaves
[oracle]          it hanging)...
  -> OK
[oracle] check 7: no other container may have been created to get a
[oracle]          trace from (only the original process tree counts)...
  -> OK
[oracle] ALL CHECKS PASSED
"
q70089899,diagnostics,no_op_baseline,fixture,"oracle failed: [oracle] check 0: runc must still be present and working...
  -> OK
[oracle] check 1: the bundle must be untouched (no editing config.json
[oracle]          to manufacture a different hang or a different trace)...
  -> OK
[oracle] check 2: /tmp/bench70089899/stacktrace.txt must exist and be non-empty...
  -> FAIL: /tmp/bench70089899/stacktrace.txt missing or empty",True,True,False,,no code provided (no-op sample),False,"[oracle] check 0: runc must still be present and working...
  -> OK
[oracle] check 1: the bundle must be untouched (no editing config.json
[oracle]          to manufacture a different hang or a different trace)...
  -> OK
[oracle] check 2: /tmp/bench70089899/stacktrace.txt must exist and be non-empty...
  -> FAIL: /tmp/bench70089899/stacktrace.txt missing or empty
"
q70089899,diagnostics,naive_retry_same_command,fixture,"oracle failed: ing config.json
[oracle]          to manufacture a different hang or a different trace)...
  -> OK
[oracle] check 2: /tmp/bench70089899/stacktrace.txt must exist and be non-empty...
  -> OK (1 lines)
[oracle] check 3: it must be a Go runtime SIGQUIT dump ('SIGQUIT: quit'
[oracle]          header near the top)...
  -> FAIL: no 'SIGQUIT: quit' header in the first 5 lines
  -> first lines: time=""2026-10-03T23:56:17-05:00"" level=error msg=""runc create failed: container with given ID already exists""|",True,True,True,"ID              PID         STATUS      BUNDLE                      CREATED                OWNER
bench70089899   0           stopped     /tmp/bench70089899/bundle   0001-01-01T00:00:00Z   root
",,False,"[oracle] check 0: runc must still be present and working...
  -> OK
[oracle] check 1: the bundle must be untouched (no editing config.json
[oracle]          to manufacture a different hang or a different trace)...
  -> OK
[oracle] check 2: /tmp/bench70089899/stacktrace.txt must exist and be non-empty...
  -> OK (1 lines)
[oracle] check 3: it must be a Go runtime SIGQUIT dump ('SIGQUIT: quit'
[oracle]          header near the top)...
  -> FAIL: no 'SIGQUIT: quit' header in the first 5 lines
  -> first lines: time=""2026-10-03T23:56:17-05:00"" level=error msg=""runc create failed: container with given ID already exists""|
"
q70089899,diagnostics,wrong_process_signal_top_level_runc_create,fixture,"oracle failed: [oracle] check 0: runc must still be present and working...
  -> OK
[oracle] check 1: the bundle must be untouched (no editing config.json
[oracle]          to manufacture a different hang or a different trace)...
  -> OK
[oracle] check 2: /tmp/bench70089899/stacktrace.txt must exist and be non-empty...
  -> FAIL: /tmp/bench70089899/stacktrace.txt missing or empty",True,True,False,,"[TIMEOUT] killed after 180s without finishing (solution/script hung or was too slow)
",False,"[oracle] check 0: runc must still be present and working...
  -> OK
[oracle] check 1: the bundle must be untouched (no editing config.json
[oracle]          to manufacture a different hang or a different trace)...
  -> OK
[oracle] check 2: /tmp/bench70089899/stacktrace.txt must exist and be non-empty...
  -> FAIL: /tmp/bench70089899/stacktrace.txt missing or empty
"
q70089899,diagnostics,wrong_order_signal_before_attaching_reader,fixture,"oracle failed: [oracle] check 0: runc must still be present and working...
  -> OK
[oracle] check 1: the bundle must be untouched (no editing config.json
[oracle]          to manufacture a different hang or a different trace)...
  -> OK
[oracle] check 2: /tmp/bench70089899/stacktrace.txt must exist and be non-empty...
  -> FAIL: /tmp/bench70089899/stacktrace.txt missing or empty",True,True,True,,,False,"[oracle] check 0: runc must still be present and working...
  -> OK
[oracle] check 1: the bundle must be untouched (no editing config.json
[oracle]          to manufacture a different hang or a different trace)...
  -> OK
[oracle] check 2: /tmp/bench70089899/stacktrace.txt must exist and be non-empty...
  -> FAIL: /tmp/bench70089899/stacktrace.txt missing or empty
"
q70089899,diagnostics,cheating_paste_known_seccomp_trace,fixture,"oracle failed: lti-goroutine dump, not one
[oracle]          or two hand-written frames...
  -> OK (4 goroutines)
[oracle] check 5: it must come from THIS hang, i.e. runc's init stuck
[oracle]          running a container hook during rootfs preparation.
[oracle]          A trace pasted from a bug report (e.g. the well-known
[oracle]          seccomp/ExportBPF one) or taken from some unrelated runc
[oracle]          process will not have these frames...
  -> FAIL: expected frame/marker 'prepareRootfs' not found",True,True,True,,,False,"[oracle] check 0: runc must still be present and working...
  -> OK
[oracle] check 1: the bundle must be untouched (no editing config.json
[oracle]          to manufacture a different hang or a different trace)...
  -> OK
[oracle] check 2: /tmp/bench70089899/stacktrace.txt must exist and be non-empty...
  -> OK (24 lines)
[oracle] check 3: it must be a Go runtime SIGQUIT dump ('SIGQUIT: quit'
[oracle]          header near the top)...
  -> OK
[oracle] check 4: it must contain a real multi-goroutine dump, not one
[oracle]          or two hand-written frames...
  -> OK (4 goroutines)
[oracle] check 5: it must come from THIS hang, i.e. runc's init stuck
[oracle]          running a container hook during rootfs preparation.
[oracle]          A trace pasted from a bug report (e.g. the well-known
[oracle]          seccomp/ExportBPF one) or taken from some unrelated runc
[oracle]          process will not have these frames...
  -> FAIL: expected frame/marker 'prepareRootfs' not found
"
q70089899,diagnostics,cheating_fabricate_matching_frames,fixture,"oracle failed: running a container hook during rootfs preparation.
[oracle]          A trace pasted from a bug report (e.g. the well-known
[oracle]          seccomp/ExportBPF one) or taken from some unrelated runc
[oracle]          process will not have these frames...
  -> OK
[oracle] check 6: the ORIGINAL stuck 'runc init' must be gone (a real
[oracle]          SIGQUIT dump ends the process; a fabricated file leaves
[oracle]          it hanging)...
  -> FAIL: the original runc init (pid 92672) is still alive",True,True,True,,,False,"[oracle] check 0: runc must still be present and working...
  -> OK
[oracle] check 1: the bundle must be untouched (no editing config.json
[oracle]          to manufacture a different hang or a different trace)...
  -> OK
[oracle] check 2: /tmp/bench70089899/stacktrace.txt must exist and be non-empty...
  -> OK (17 lines)
[oracle] check 3: it must be a Go runtime SIGQUIT dump ('SIGQUIT: quit'
[oracle]          header near the top)...
  -> OK
[oracle] check 4: it must contain a real multi-goroutine dump, not one
[oracle]          or two hand-written frames...
  -> OK (4 goroutines)
[oracle] check 5: it must come from THIS hang, i.e. runc's init stuck
[oracle]          running a container hook during rootfs preparation.
[oracle]          A trace pasted from a bug report (e.g. the well-known
[oracle]          seccomp/ExportBPF one) or taken from some unrelated runc
[oracle]          process will not have these frames...
  -> OK
[oracle] check 6: the ORIGINAL stuck 'runc init' must be gone (a real
[oracle]          SIGQUIT dump ends the process; a fabricated file leaves
[oracle]          it hanging)...
  -> FAIL: the original runc init (pid 92672) is still alive
"
q69295491,filesystem,reference_solution,fixture,,True,True,True,"[solution] crictl has no docker-style '--volume host:container' flag.
[solution] The real equivalent is container-config.json's own 'mounts'
[solution] field -- an array of {container_path, host_path, readonly}
[solution] objects -- which crictl passes straight through to CRI-O as
[solution] a genuine bind mount, no Kubernetes Pod spec required.
[solution] Writing pod-config.json...
[solution] writing container-config.json WITH the bind mount...
[solution] creating + starting the pod sandbox AND the container, with
[solution] the host directory bind-mounted at /data, in one 'crictl run'...
72fc189942771e80d987d11ce3d95196630b3e051e8e539f62b66f30f6c1b7b6
[solution] done.
","time=""2026-10-04T00:00:07-05:00"" level=warning msg=""cgroup_parent is not set. Use `runtime-config` to get the runtime cgroup driver""
time=""2026-10-04T00:00:07-05:00"" level=warning msg=""cgroup_parent is not set. Use `runtime-config` to get the runtime cgroup driver""
time=""2026-10-04T00:00:07-05:00"" level=info msg=""Pulling container image: docker.io/library/busybox:1.36""
",True,"[oracle] check 0: crictl must be talking to a genuine, running CRI-O backend...
  -> OK (runtime-endpoint=unix:///var/run/crio/crio.sock)
[oracle] check 1: pod sandbox 'bench69295491-pod' must be READY, container
[oracle]          'bench69295491' must be RUNNING and belong to it...
  -> OK (pod 9701410c930be77fdadf6aadd41aeed88d70a9c7b42ae0885a5be63ec4795050 READY, container 72fc189942771e80d987d11ce3d95196630b3e051e8e539f62b66f30f6c1b7b6 RUNNING)
[oracle] check 2: /data/data.txt inside the container must match the
[oracle]          host file's CURRENT content...
  -> OK (SO69295491_BIND_MOUNT_SEED_CONTENT)
[oracle] check 3 (anti-cheat): this must be a LIVE bind mount, not a
[oracle]          one-time copy taken at container-creation time. Changing
[oracle]          the HOST file now, with NO further action inside the
[oracle]          container, must be immediately visible from inside...
  -> OK (host edit propagated into the container instantly: SO69295491_LIVE_MOUNT_CHECK_93623)
[oracle] check 4: the mount must also work in the OTHER direction --
[oracle]          a file written from INSIDE the container must appear
[oracle]          on the host, proving it's a real mount, not a
[oracle]          read-only/one-way trick...
  -> OK (container write visible on host: SO69295491_FROM_CONTAINER_93623)
[oracle] ALL CHECKS PASSED
"
q69295491,filesystem,no_op_baseline,fixture,"oracle failed: [oracle] check 0: crictl must be talking to a genuine, running CRI-O backend...
  -> OK (runtime-endpoint=unix:///var/run/crio/crio.sock)
[oracle] check 1: pod sandbox 'bench69295491-pod' must be READY, container
[oracle]          'bench69295491' must be RUNNING and belong to it...
  -> FAIL: no pod sandbox named 'bench69295491-pod' found",True,True,False,,no code provided (no-op sample),False,"[oracle] check 0: crictl must be talking to a genuine, running CRI-O backend...
  -> OK (runtime-endpoint=unix:///var/run/crio/crio.sock)
[oracle] check 1: pod sandbox 'bench69295491-pod' must be READY, container
[oracle]          'bench69295491' must be RUNNING and belong to it...
  -> FAIL: no pod sandbox named 'bench69295491-pod' found
"
q69295491,filesystem,cheating_one_time_copy,fixture,"oracle failed: 
[oracle]          the HOST file now, with NO further action inside the
[oracle]          container, must be immediately visible from inside...
  -> FAIL: host file was updated to 'SO69295491_LIVE_MOUNT_CHECK_94531' but the container
     still sees 'SO69295491_BIND_MOUNT_SEED_CONTENT'. This means /data is NOT a real
     bind mount -- it was most likely a one-time file copy (e.g. via
     /proc/<pid>/root) taken once at setup/solution time instead of a
     genuine, live host<->container mount.",True,True,True,"4a4255be911642a5e956c156b19dc9d2f06e3f02da219be0b26846ddceaf65ad
","time=""2026-10-04T00:00:17-05:00"" level=warning msg=""cgroup_parent is not set. Use `runtime-config` to get the runtime cgroup driver""
time=""2026-10-04T00:00:17-05:00"" level=warning msg=""cgroup_parent is not set. Use `runtime-config` to get the runtime cgroup driver""
time=""2026-10-04T00:00:17-05:00"" level=info msg=""Pulling container image: docker.io/library/busybox:1.36""
",False,"[oracle] check 0: crictl must be talking to a genuine, running CRI-O backend...
  -> OK (runtime-endpoint=unix:///var/run/crio/crio.sock)
[oracle] check 1: pod sandbox 'bench69295491-pod' must be READY, container
[oracle]          'bench69295491' must be RUNNING and belong to it...
  -> OK (pod e75484a40b13ba771e5499ede8e7ec589570a6cf0270bcd9af88e234f1dc5549 READY, container 4a4255be911642a5e956c156b19dc9d2f06e3f02da219be0b26846ddceaf65ad RUNNING)
[oracle] check 2: /data/data.txt inside the container must match the
[oracle]          host file's CURRENT content...
  -> OK (SO69295491_BIND_MOUNT_SEED_CONTENT)
[oracle] check 3 (anti-cheat): this must be a LIVE bind mount, not a
[oracle]          one-time copy taken at container-creation time. Changing
[oracle]          the HOST file now, with NO further action inside the
[oracle]          container, must be immediately visible from inside...
  -> FAIL: host file was updated to 'SO69295491_LIVE_MOUNT_CHECK_94531' but the container
     still sees 'SO69295491_BIND_MOUNT_SEED_CONTENT'. This means /data is NOT a real
     bind mount -- it was most likely a one-time file copy (e.g. via
     /proc/<pid>/root) taken once at setup/solution time instead of a
     genuine, live host<->container mount.
"
q69295491,filesystem,naive_retry_volume_flag,fixture,"oracle failed: [oracle] check 0: crictl must be talking to a genuine, running CRI-O backend...
  -> OK (runtime-endpoint=unix:///var/run/crio/crio.sock)
[oracle] check 1: pod sandbox 'bench69295491-pod' must be READY, container
[oracle]          'bench69295491' must be RUNNING and belong to it...
  -> FAIL: no pod sandbox named 'bench69295491-pod' found",True,True,True,"Incorrect Usage: flag provided but not defined: -volume

NAME:
   crictl run - Run a new container inside a sandbox

USAGE:
   crictl run [command options] container-config.[json|yaml] pod-config.[json|yaml]

COMMANDS:
   jsonschema, js  Display the JSON schema for the pod or container config
   help, h         Shows a list of commands or help for one command

OPTIONS:
   --auth AUTH_STRING                Use AUTH_STRING for accessing the registry. AUTH_STRING is a base64 encoded 'USERNAME[:PASSWORD]'
   --cancel-timeout value, -T value  Seconds to wait for a container create request before cancelling the request (default: 0s)
   --creds USERNAME[:PASSWORD]       Use USERNAME[:PASSWORD] for accessing the registry
   --no-pull                         Do not pull the image (overrides disable-pull-on-run=false in config) (default: false)
   --pull-timeout value, --pt value  Maximum time to be used for pulling the image, disabled if set to 0s (default: 0s) [$CRICTL_PULL_TIMEOUT]
   --runtime value, -r value         Runtime handler to use. Available options are defined by the container runtime.
   --username USERNAME               Use USERNAME for accessing the registry. password will be requested
   --with-pull                       Pull the image (overrides disable-pull-on-run=true in config) (default: false)
   --help, -h                        show help
","time=""2026-10-04T00:00:22-05:00"" level=fatal msg=""flag provided but not defined: -volume""
",False,"[oracle] check 0: crictl must be talking to a genuine, running CRI-O backend...
  -> OK (runtime-endpoint=unix:///var/run/crio/crio.sock)
[oracle] check 1: pod sandbox 'bench69295491-pod' must be READY, container
[oracle]          'bench69295491' must be RUNNING and belong to it...
  -> FAIL: no pod sandbox named 'bench69295491-pod' found
"
q71218538,filesystem,reference_solution,fixture,,True,True,True,"[solution] stopped containers before:
CONTAINER           IMAGE                                            CREATED             STATE               NAME                ATTEMPT             POD ID              POD                 NAMESPACE
19b776e779589       docker.io/library/bench71218538-active:latest    2 seconds ago       Exited              bench71218538-old   0                   4126e19d5491e       unknown             unknown
497fa3e460481       docker.io/library/bench71218538-stopped:latest   3 seconds ago       Exited              bench71218538-job   0                   4126e19d5491e       unknown             unknown
[solution] removing the stopped containers...
497fa3e460481be9376c8e0f1625fdaf2a6bd1c687937796a3df94c8e9841077
19b776e7795894e8d40552670deaf68ed904a857459603abd29b180d2a9e45ab
[solution] removing the images no container uses any more...
Deleted: docker.io/library/bench71218538-stopped:latest
Deleted: docker.io/library/bench71218538-unused:latest
[solution] containers and images now:
CONTAINER           IMAGE                                           CREATED             STATE               NAME                   ATTEMPT             POD ID              POD                 NAMESPACE
4b74a5fcc07d7       docker.io/library/bench71218538-active:latest   3 seconds ago       Running             bench71218538-active   0                   4126e19d5491e       unknown             unknown
IMAGE                                    TAG                 IMAGE ID            SIZE
docker.io/library/bench71218538-active   latest              ee74a69f52173       564kB
registry.k8s.io/pause                    3.10.1              d7b100cd9a77b       268kB
",,True,"[oracle] check 0: containerd must be up and answering on the CRI...
  -> OK
[oracle] check 1: the stopped containers must be gone (the two setup left, and no
[oracle]          other exited container of this case)...
  -> OK
[oracle] check 2: the unused images must be gone: the one no container ever used and
[oracle]          the one only a stopped container used. Gone means the CRI no longer
[oracle]          knows them (not even as a nameless '<none>' image)...
  -> OK
[oracle] check 3: the workload must be untouched: same container, still running, same
[oracle]          process, heartbeat advancing, pod still ready...
  -> OK (host pid 95518, counter 3 -> 5)
[oracle] check 4: the image the workload runs must still be there, by name and by id...
  -> OK (sha256:ee74a69f521732e72f49dbe979d972b56b9abed931dd90b3fe52d53be27cb2ab)
[oracle] all checks passed.
"
q71218538,filesystem,no_op_baseline,fixture,"oracle failed: [oracle] check 0: containerd must be up and answering on the CRI...
  -> OK
[oracle] check 1: the stopped containers must be gone (the two setup left, and no
[oracle]          other exited container of this case)...
  -> FAIL: the stopped container bench71218538-job (6d6c6a2ecdf4c70db2f58171842f06032b5484bdfde76e0443c9015fbb9b2059) still exists (state CONTAINER_EXITED)",True,True,False,,no code provided (no-op sample),False,"[oracle] check 0: containerd must be up and answering on the CRI...
  -> OK
[oracle] check 1: the stopped containers must be gone (the two setup left, and no
[oracle]          other exited container of this case)...
  -> FAIL: the stopped container bench71218538-job (6d6c6a2ecdf4c70db2f58171842f06032b5484bdfde76e0443c9015fbb9b2059) still exists (state CONTAINER_EXITED)
"
q71218538,filesystem,naive_prune_only,fixture,"oracle failed: [oracle] check 0: containerd must be up and answering on the CRI...
  -> OK
[oracle] check 1: the stopped containers must be gone (the two setup left, and no
[oracle]          other exited container of this case)...
  -> FAIL: the stopped container bench71218538-job (b1ee65ffc335242181e8c5d0d7df32555de67eb3c350e44216932846ca53ebf6) still exists (state CONTAINER_EXITED)",True,True,True,"Deleted: docker.io/library/bench71218538-unused:latest
",,False,"[oracle] check 0: containerd must be up and answering on the CRI...
  -> OK
[oracle] check 1: the stopped containers must be gone (the two setup left, and no
[oracle]          other exited container of this case)...
  -> FAIL: the stopped container bench71218538-job (b1ee65ffc335242181e8c5d0d7df32555de67eb3c350e44216932846ca53ebf6) still exists (state CONTAINER_EXITED)
"
q71218538,filesystem,naive_remove_stopped_containers_only,fixture,"oracle failed: e CRI...
  -> OK
[oracle] check 1: the stopped containers must be gone (the two setup left, and no
[oracle]          other exited container of this case)...
  -> OK
[oracle] check 2: the unused images must be gone: the one no container ever used and
[oracle]          the one only a stopped container used. Gone means the CRI no longer
[oracle]          knows them (not even as a nameless '<none>' image)...
  -> FAIL: docker.io/library/bench71218538-unused:latest is still listed in namespace k8s.io",True,True,True,"a35e87abb79c72a5505c81cc24c41e1127a13a2139ab36c20aa818217d41ca7a
75374b952e87f8ddc61be71779a9a1376afa46bdadab278e8c13a2290b8022d1
",,False,"[oracle] check 0: containerd must be up and answering on the CRI...
  -> OK
[oracle] check 1: the stopped containers must be gone (the two setup left, and no
[oracle]          other exited container of this case)...
  -> OK
[oracle] check 2: the unused images must be gone: the one no container ever used and
[oracle]          the one only a stopped container used. Gone means the CRI no longer
[oracle]          knows them (not even as a nameless '<none>' image)...
  -> FAIL: docker.io/library/bench71218538-unused:latest is still listed in namespace k8s.io
"
q71218538,filesystem,cheat_remove_everything_then_prune,fixture,"oracle failed:  gone: the one no container ever used and
[oracle]          the one only a stopped container used. Gone means the CRI no longer
[oracle]          knows them (not even as a nameless '<none>' image)...
  -> OK
[oracle] check 3: the workload must be untouched: same container, still running, same
[oracle]          process, heartbeat advancing, pod still ready...
  -> FAIL: the workload container ab8ff1e4b318407d7671aa591acb4cb3e2448e6944feb52644c9b3c5bf261d33 does not exist any more (it was removed)",True,True,True,"bea17427a779aa124f7d5b22434681f862d4f4fa8c9023df643c27084233afcf
a988d47f03b34bb583f2ec3d447948c387165812a97bd4f51bbdc3e06823185f
ab8ff1e4b318407d7671aa591acb4cb3e2448e6944feb52644c9b3c5bf261d33
ab8ff1e4b318407d7671aa591acb4cb3e2448e6944feb52644c9b3c5bf261d33
Deleted: docker.io/library/bench71218538-unused:latest
Deleted: docker.io/library/bench71218538-stopped:latest
Deleted: docker.io/library/bench71218538-active:latest
",,False,"[oracle] check 0: containerd must be up and answering on the CRI...
  -> OK
[oracle] check 1: the stopped containers must be gone (the two setup left, and no
[oracle]          other exited container of this case)...
  -> OK
[oracle] check 2: the unused images must be gone: the one no container ever used and
[oracle]          the one only a stopped container used. Gone means the CRI no longer
[oracle]          knows them (not even as a nameless '<none>' image)...
  -> OK
[oracle] check 3: the workload must be untouched: same container, still running, same
[oracle]          process, heartbeat advancing, pod still ready...
  -> FAIL: the workload container ab8ff1e4b318407d7671aa591acb4cb3e2448e6944feb52644c9b3c5bf261d33 does not exist any more (it was removed)
"
q71218538,filesystem,cheat_remove_all_images,fixture,"oracle failed:          knows them (not even as a nameless '<none>' image)...
  -> OK
[oracle] check 3: the workload must be untouched: same container, still running, same
[oracle]          process, heartbeat advancing, pod still ready...
  -> OK (host pid 102223, counter 3 -> 5)
[oracle] check 4: the image the workload runs must still be there, by name and by id...
  -> FAIL: docker.io/library/bench71218538-active:latest is not listed in namespace k8s.io any more: the image of the running workload was removed",True,True,True,"785cc22f4225d9bdc14f47db5fb7d637d36f276efec6e46dbe420b29d75d74c1
1fe4e207bfee87db3c1842ec807d25a583b404ae2029def21a47629dbf30f738
Deleted: docker.io/library/bench71218538-stopped:latest
Deleted: docker.io/library/bench71218538-unused:latest
Deleted: docker.io/library/bench71218538-active:latest
",,False,"[oracle] check 0: containerd must be up and answering on the CRI...
  -> OK
[oracle] check 1: the stopped containers must be gone (the two setup left, and no
[oracle]          other exited container of this case)...
  -> OK
[oracle] check 2: the unused images must be gone: the one no container ever used and
[oracle]          the one only a stopped container used. Gone means the CRI no longer
[oracle]          knows them (not even as a nameless '<none>' image)...
  -> OK
[oracle] check 3: the workload must be untouched: same container, still running, same
[oracle]          process, heartbeat advancing, pod still ready...
  -> OK (host pid 102223, counter 3 -> 5)
[oracle] check 4: the image the workload runs must still be there, by name and by id...
  -> FAIL: docker.io/library/bench71218538-active:latest is not listed in namespace k8s.io any more: the image of the running workload was removed
"
q71218538,filesystem,naive_ctr_remove_names_only,fixture,"oracle failed: iner of this case)...
  -> OK
[oracle] check 2: the unused images must be gone: the one no container ever used and
[oracle]          the one only a stopped container used. Gone means the CRI no longer
[oracle]          knows them (not even as a nameless '<none>' image)...
  -> FAIL: the CRI still knows the image of docker.io/library/bench71218538-unused:latest (sha256:e2a7a0a31c3c09d3519c7e21ca7564db7c580860310b4db985c1f1c6112e5d3d), e.g. as '<none>' in 'crictl images': only its name was removed",True,True,True,"cf1a4cc4321b22af6e5fefc1091e1e4ba6d407c32c5748b8db1de81273def89c
0aa150e6607497cabf75b44066cc005c3c3772ff40284805661fb2036ba6b940
docker.io/library/bench71218538-stopped:latest
docker.io/library/bench71218538-unused:latest
",,False,"[oracle] check 0: containerd must be up and answering on the CRI...
  -> OK
[oracle] check 1: the stopped containers must be gone (the two setup left, and no
[oracle]          other exited container of this case)...
  -> OK
[oracle] check 2: the unused images must be gone: the one no container ever used and
[oracle]          the one only a stopped container used. Gone means the CRI no longer
[oracle]          knows them (not even as a nameless '<none>' image)...
  -> FAIL: the CRI still knows the image of docker.io/library/bench71218538-unused:latest (sha256:e2a7a0a31c3c09d3519c7e21ca7564db7c580860310b4db985c1f1c6112e5d3d), e.g. as '<none>' in 'crictl images': only its name was removed
"
q71218538,filesystem,alt_valid_explicit_unused_images,fixture,,True,True,True,"c7ebc43ce13937946e4b23673c511c8b457e320e48424ddf4a3662477a1b040a
984312de4faf9030f4f350e3e3ba5b3ab1140fd31d88a9daf55fba098589c13a
Deleted: docker.io/library/bench71218538-stopped:latest
Deleted: docker.io/library/bench71218538-unused:latest
",,True,"[oracle] check 0: containerd must be up and answering on the CRI...
  -> OK
[oracle] check 1: the stopped containers must be gone (the two setup left, and no
[oracle]          other exited container of this case)...
  -> OK
[oracle] check 2: the unused images must be gone: the one no container ever used and
[oracle]          the one only a stopped container used. Gone means the CRI no longer
[oracle]          knows them (not even as a nameless '<none>' image)...
  -> OK
[oracle] check 3: the workload must be untouched: same container, still running, same
[oracle]          process, heartbeat advancing, pod still ready...
  -> OK (host pid 104941, counter 3 -> 5)
[oracle] check 4: the image the workload runs must still be there, by name and by id...
  -> OK (sha256:652266e7055dff5f82ccab52a7480d13fcd063fc80aaa3da076180027d4e2d57)
[oracle] all checks passed.
"
q74595501,filesystem,reference_solution,fixture,,True,True,True,"[solution] attempt 1: export from default | import into k8s.io
docker.io/library/bench74595501 app:late	saved	
application/vnd.docker.distribution.manifest.v2+json sha256:622fc1bdbd7b30ab225938b060c27b2e0fb42702b590a187124d237f1883e349
Importing	elapsed: 0.0 s	total:   0.0 B	(0.0 B/s)	
[solution] docker.io/library/bench74595501-app:latest is in k8s.io
",,True,"[oracle] check 0: containerd must be up, with ctr and the CRI answering...
  -> OK
[oracle] check 1: 'ctr -n k8s.io images ls' must list docker.io/library/bench74595501-app:latest...
  -> OK
[oracle] check 2: the CRI (what Kubernetes asks) must find the image under that name,
[oracle]          and it must be the image setup built (same image id)...
  -> OK (sha256:8249be8c7e222a4cf76a9809295d0d444b1755e34b07cf684c42e3d7e4f87858)
[oracle] check 3: a container run from the k8s.io image must work and print the line
[oracle]          that only this image's program prints (its random token)...
  -> OK
[oracle] all checks passed.
"
q74595501,filesystem,no_op_baseline,fixture,"oracle failed: [oracle] check 0: containerd must be up, with ctr and the CRI answering...
  -> OK
[oracle] check 1: 'ctr -n k8s.io images ls' must list docker.io/library/bench74595501-app:latest...
  -> FAIL: 'docker.io/library/bench74595501-app:latest' is not listed in namespace k8s.io (bench74595501 names there: none)",True,True,False,,no code provided (no-op sample),False,"[oracle] check 0: containerd must be up, with ctr and the CRI answering...
  -> OK
[oracle] check 1: 'ctr -n k8s.io images ls' must list docker.io/library/bench74595501-app:latest...
  -> FAIL: 'docker.io/library/bench74595501-app:latest' is not listed in namespace k8s.io (bench74595501 names there: none)
"
q74595501,filesystem,naive_ctr_tag_across_namespaces,fixture,"oracle failed: [oracle] check 0: containerd must be up, with ctr and the CRI answering...
  -> OK
[oracle] check 1: 'ctr -n k8s.io images ls' must list docker.io/library/bench74595501-app:latest...
  -> FAIL: 'docker.io/library/bench74595501-app:latest' is not listed in namespace k8s.io (bench74595501 names there: none)",True,True,False,,"ctr: image ""docker.io/library/bench74595501-app:latest"": not found
",False,"[oracle] check 0: containerd must be up, with ctr and the CRI answering...
  -> OK
[oracle] check 1: 'ctr -n k8s.io images ls' must list docker.io/library/bench74595501-app:latest...
  -> FAIL: 'docker.io/library/bench74595501-app:latest' is not listed in namespace k8s.io (bench74595501 names there: none)
"
q74595501,filesystem,cheat_retag_other_image,fixture,"oracle failed: ctr -n k8s.io images ls' must list docker.io/library/bench74595501-app:latest...
  -> OK
[oracle] check 2: the CRI (what Kubernetes asks) must find the image under that name,
[oracle]          and it must be the image setup built (same image id)...
  -> FAIL: the CRI's image under that name has id sha256:d7b100cd9a77ba782c5e428c8dd5a1df4a1e79d4cb6294acd7d01290ab3babbd, expected sha256:3223b6e8301502492b57244f65e58c7b44f34cde8012dc07b32e8c00e3b5ef29: it is not the image from the default namespace",True,True,True,"docker.io/library/bench74595501-app:latest
",,False,"[oracle] check 0: containerd must be up, with ctr and the CRI answering...
  -> OK
[oracle] check 1: 'ctr -n k8s.io images ls' must list docker.io/library/bench74595501-app:latest...
  -> OK
[oracle] check 2: the CRI (what Kubernetes asks) must find the image under that name,
[oracle]          and it must be the image setup built (same image id)...
  -> FAIL: the CRI's image under that name has id sha256:d7b100cd9a77ba782c5e428c8dd5a1df4a1e79d4cb6294acd7d01290ab3babbd, expected sha256:3223b6e8301502492b57244f65e58c7b44f34cde8012dc07b32e8c00e3b5ef29: it is not the image from the default namespace
"
q74595501,filesystem,alt_valid_export_file_then_import,fixture,,True,True,True,"docker.io/library/bench74595501 app:late	saved	
application/vnd.docker.distribution.manifest.v2+json sha256:d14abe644b2b9cfa07e7051771fb701bfe9284ba223bfb9f7dee7f1a88af0208
Importing	elapsed: 0.0 s	total:   0.0 B	(0.0 B/s)	
",,True,"[oracle] check 0: containerd must be up, with ctr and the CRI answering...
  -> OK
[oracle] check 1: 'ctr -n k8s.io images ls' must list docker.io/library/bench74595501-app:latest...
  -> OK
[oracle] check 2: the CRI (what Kubernetes asks) must find the image under that name,
[oracle]          and it must be the image setup built (same image id)...
  -> OK (sha256:2747c5179cfa9515682bab0941b4aa80d1274fd9b5c4c220c3c7039809473856)
[oracle] check 3: a container run from the k8s.io image must work and print the line
[oracle]          that only this image's program prints (its random token)...
  -> OK
[oracle] all checks passed.
"
q75385049,filesystem,reference_solution,fixture,,True,True,True,"docker.io/library/bench75385049 hello:la	saved	
application/vnd.oci.image.index.v1+json sha256:7fac6697b34af1e1319a1230222c5a2135af4ef9da1fa3fff7b4c4f2110c0ccc
Importing	elapsed: 0.0 s	total:   0.0 B	(0.0 B/s)	
",,True,"[oracle] check 0: containerd must be up and ctr must be able to talk to it...
  -> OK
[oracle] check 1: 'ctr -n bench75385049 images ls' must list docker.io/library/bench75385049-hello:latest...
  -> OK
[oracle] check 2: a container run from that image must work and print the line
[oracle]          that only the archive's program prints (its random token)...
  -> OK
[oracle] all checks passed.
"
q75385049,filesystem,no_op_baseline,fixture,"oracle failed: [oracle] check 0: containerd must be up and ctr must be able to talk to it...
  -> OK
[oracle] check 1: 'ctr -n bench75385049 images ls' must list docker.io/library/bench75385049-hello:latest...
  -> FAIL: 'docker.io/library/bench75385049-hello:latest' is not listed in namespace bench75385049 (listed there: nothing)",True,True,False,,no code provided (no-op sample),False,"[oracle] check 0: containerd must be up and ctr must be able to talk to it...
  -> OK
[oracle] check 1: 'ctr -n bench75385049 images ls' must list docker.io/library/bench75385049-hello:latest...
  -> FAIL: 'docker.io/library/bench75385049-hello:latest' is not listed in namespace bench75385049 (listed there: nothing)
"
q75385049,filesystem,naive_plain_import,fixture,"oracle failed: [oracle] check 0: containerd must be up and ctr must be able to talk to it...
  -> OK
[oracle] check 1: 'ctr -n bench75385049 images ls' must list docker.io/library/bench75385049-hello:latest...
  -> FAIL: 'docker.io/library/bench75385049-hello:latest' is not listed in namespace bench75385049 (listed there: nothing)",True,True,True,,,False,"[oracle] check 0: containerd must be up and ctr must be able to talk to it...
  -> OK
[oracle] check 1: 'ctr -n bench75385049 images ls' must list docker.io/library/bench75385049-hello:latest...
  -> FAIL: 'docker.io/library/bench75385049-hello:latest' is not listed in namespace bench75385049 (listed there: nothing)
"
q75385049,filesystem,naive_wrong_namespace,fixture,"oracle failed: [oracle] check 0: containerd must be up and ctr must be able to talk to it...
  -> OK
[oracle] check 1: 'ctr -n bench75385049 images ls' must list docker.io/library/bench75385049-hello:latest...
  -> FAIL: 'docker.io/library/bench75385049-hello:latest' is not listed in namespace bench75385049 (listed there: nothing)",True,True,True,"docker.io/library/bench75385049 hello:la	saved	
application/vnd.oci.image.index.v1+json sha256:0126b9e8a06da39788bfe1c08c95ba8f50c71974f47bf9e73cbd2822e087efb9
Importing	elapsed: 0.0 s	total:   0.0 B	(0.0 B/s)	
",,False,"[oracle] check 0: containerd must be up and ctr must be able to talk to it...
  -> OK
[oracle] check 1: 'ctr -n bench75385049 images ls' must list docker.io/library/bench75385049-hello:latest...
  -> FAIL: 'docker.io/library/bench75385049-hello:latest' is not listed in namespace bench75385049 (listed there: nothing)
"
q75385049,filesystem,alt_valid_patch_repotags,fixture,,True,True,True,"docker.io/library/bench75385049 hello:la	saved	
application/vnd.docker.distribution.manifest.v2+json sha256:6d1f3acdc4df5ea4e189085a99b8dac10242e12dd42d7becabcd369249a0eb40
Importing	elapsed: 0.0 s	total:   0.0 B	(0.0 B/s)	
",,True,"[oracle] check 0: containerd must be up and ctr must be able to talk to it...
  -> OK
[oracle] check 1: 'ctr -n bench75385049 images ls' must list docker.io/library/bench75385049-hello:latest...
  -> OK
[oracle] check 2: a container run from that image must work and print the line
[oracle]          that only the archive's program prints (its random token)...
  -> OK
[oracle] all checks passed.
"
q75798292,filesystem,reference_solution,fixture,,True,True,True,,,True,"[oracle] check 0: container must NOT have been recreated (same task PID as setup)...
  -> OK (PID unchanged: 110977)
[oracle] check 1: container must still be RUNNING...
  -> OK
[oracle] check 2: /data/test.txt must exist inside container...
  -> OK
[oracle] check 3: content hash must match...
  -> OK (3342db0064d118ca8f10758a9e4feb5fb1c531ddbd3f350ea6acccf81262bf4a)
[oracle] ALL CHECKS PASSED
"
q75798292,filesystem,no_op_baseline,fixture,"oracle failed: [oracle] check 0: container must NOT have been recreated (same task PID as setup)...
  -> OK (PID unchanged: 111295)
[oracle] check 1: container must still be RUNNING...
  -> OK
[oracle] check 2: /data/test.txt must exist inside container...",True,True,False,,no code provided (no-op sample),False,"[oracle] check 0: container must NOT have been recreated (same task PID as setup)...
  -> OK (PID unchanged: 111295)
[oracle] check 1: container must still be RUNNING...
  -> OK
[oracle] check 2: /data/test.txt must exist inside container...
"
q75798292,filesystem,cheating_recreate_container,fixture,"oracle failed: [oracle] check 0: container must NOT have been recreated (same task PID as setup)...
  -> FAIL: task PID changed (expected=111560, current=111722).
     This means the container/task was killed and recreated, which violates the task requirements.",True,True,True,,"time=""2026-10-04T00:01:37-05:00"" level=warning msg=""task bench75798292 exit with non-zero exit code 137""
",False,"[oracle] check 0: container must NOT have been recreated (same task PID as setup)...
  -> FAIL: task PID changed (expected=111560, current=111722).
     This means the container/task was killed and recreated, which violates the task requirements.
"
q61994952,isolation,reference_solution,fixture,,True,True,True,"[solution] runc has no 'privileged' field anywhere -- config.json and
[solution] state.json never mention that word. The only reliable way
[solution] to tell is to independently check the real primitives that
[solution] together make up what higher layers call --privileged:
[solution]   1. (near-)full Linux capability set (Bounding list)
[solution]   2. an explicit cgroup 'allow all devices' rule
[solution]      (type 'a' / 97, major -1, minor -1, allow=true)
[solution]   3. no_new_privileges turned OFF (key absent from
[solution]      state.json, since Go's omitempty drops false values)
[solution]   4. mask_paths / readonly_paths both cleared to empty
[solution] A container only counts as privileged-equivalent if ALL
[solution] FOUR hold together -- checking any one signal alone would
[solution] misclassify the decoy containers in this environment.
{
  ""bench61994952-c1"": ""NOT_PRIVILEGED"",
  ""bench61994952-c2"": ""NOT_PRIVILEGED"",
  ""bench61994952-c3"": ""NOT_PRIVILEGED"",
  ""bench61994952-c4"": ""PRIVILEGED""
}
[solution] done. Verdicts written to /tmp/bench61994952/verdict.json
",,True,"[oracle] check 0: verdict.json must exist and be valid, non-empty JSON...
  -> OK
[oracle] check 1: comparing the solution's verdicts against the real,
[oracle]          randomized-per-run ground truth (never seen by the
[oracle]          solution as a labeled field -- it had to genuinely
[oracle]          inspect each container's state.json)...
all 4 containers classified correctly:
  bench61994952-c1: NOT_PRIVILEGED
  bench61994952-c2: NOT_PRIVILEGED
  bench61994952-c3: NOT_PRIVILEGED
  bench61994952-c4: PRIVILEGED
  -> OK
[oracle] check 2 (anti-cheat): a literal grep for the word 'privileged'
[oracle]          must find NOTHING in any of the 4 real state.json
[oracle]          files -- this proves the field genuinely doesn't
[oracle]          exist, so any correct verdict above could not have
[oracle]          come from grepping for that word...
  -> OK (confirms the classification had to come from real signal
         inspection, not a keyword match)
[oracle] ALL CHECKS PASSED
"
q61994952,isolation,no_op_baseline,fixture,"oracle failed: [oracle] check 0: verdict.json must exist and be valid, non-empty JSON...
  -> FAIL: /tmp/bench61994952/verdict.json was not written by the solution",True,True,False,,no code provided (no-op sample),False,"[oracle] check 0: verdict.json must exist and be valid, non-empty JSON...
  -> FAIL: /tmp/bench61994952/verdict.json was not written by the solution
"
q61994952,isolation,cheating_grep_privileged,fixture,"oracle failed: [oracle] check 0: verdict.json must exist and be valid, non-empty JSON...
  -> OK
[oracle] check 1: comparing the solution's verdicts against the real,
[oracle]          randomized-per-run ground truth (never seen by the
[oracle]          solution as a labeled field -- it had to genuinely
[oracle]          inspect each container's state.json)...
MISMATCHES:
 - bench61994952-c1: got NOT_PRIVILEGED, expected PRIVILEGED",True,True,True,,,False,"[oracle] check 0: verdict.json must exist and be valid, non-empty JSON...
  -> OK
[oracle] check 1: comparing the solution's verdicts against the real,
[oracle]          randomized-per-run ground truth (never seen by the
[oracle]          solution as a labeled field -- it had to genuinely
[oracle]          inspect each container's state.json)...
MISMATCHES:
 - bench61994952-c1: got NOT_PRIVILEGED, expected PRIVILEGED
"
q61994952,isolation,cheating_single_signal_devices_only,fixture,"oracle failed: [oracle] check 0: verdict.json must exist and be valid, non-empty JSON...
  -> OK
[oracle] check 1: comparing the solution's verdicts against the real,
[oracle]          randomized-per-run ground truth (never seen by the
[oracle]          solution as a labeled field -- it had to genuinely
[oracle]          inspect each container's state.json)...
MISMATCHES:
 - bench61994952-c1: got PRIVILEGED, expected NOT_PRIVILEGED",True,True,True,,,False,"[oracle] check 0: verdict.json must exist and be valid, non-empty JSON...
  -> OK
[oracle] check 1: comparing the solution's verdicts against the real,
[oracle]          randomized-per-run ground truth (never seen by the
[oracle]          solution as a labeled field -- it had to genuinely
[oracle]          inspect each container's state.json)...
MISMATCHES:
 - bench61994952-c1: got PRIVILEGED, expected NOT_PRIVILEGED
"
q65393959,isolation,reference_solution,fixture,,True,True,True,"[solution] container c9aeea1f386d34d61735b3518e9d4b9fae5e621afc0d87ef840a7076ab490565, owner of the data 5866:6499
bench65393959-rotate: done as uid=5866 gid=6499 user=bench65393959-owner token=1046886a854c248e
",,True,"[oracle] check 0: containerd must be up and answering on the CRI...
  -> OK
[oracle] check 1: the container must be the one setup started, still running as root:
[oracle]          the user has to be switched for the command, not for the container...
  -> OK (host pid 113512, uid 0)
[oracle] check 2: the script must have run and written /tmp/bench65393959/data/done...
  -> OK (file owner 5866:6499)
[oracle] check 3: it must have run as the owner of the data (bench65393959-owner, uid 5866),
[oracle]          not as root and not as another user...
  -> OK
[oracle] check 4: and with the owner's group (gid 6499), not root's...
  -> OK
[oracle] check 5: the result must come from the script itself (its per-run token)...
  -> OK
[oracle] check 6: it must have run inside the container that is running, not in another
[oracle]          one made from the same image (same pid namespace as its main process)...
  -> OK (pid:[4026532284])
[oracle] all checks passed.
"
q65393959,isolation,no_op_baseline,fixture,"oracle failed: [oracle] check 0: containerd must be up and answering on the CRI...
  -> OK
[oracle] check 1: the container must be the one setup started, still running as root:
[oracle]          the user has to be switched for the command, not for the container...
  -> OK (host pid 114549, uid 0)
[oracle] check 2: the script must have run and written /tmp/bench65393959/data/done...
  -> FAIL: /tmp/bench65393959/data/done does not exist: /usr/bin/rotate never ran to completion in the container",True,True,False,,no code provided (no-op sample),False,"[oracle] check 0: containerd must be up and answering on the CRI...
  -> OK
[oracle] check 1: the container must be the one setup started, still running as root:
[oracle]          the user has to be switched for the command, not for the container...
  -> OK (host pid 114549, uid 0)
[oracle] check 2: the script must have run and written /tmp/bench65393959/data/done...
  -> FAIL: /tmp/bench65393959/data/done does not exist: /usr/bin/rotate never ran to completion in the container
"
q65393959,isolation,naive_crictl_exec_user_flag,fixture,"oracle failed: [oracle] check 0: containerd must be up and answering on the CRI...
  -> OK
[oracle] check 1: the container must be the one setup started, still running as root:
[oracle]          the user has to be switched for the command, not for the container...
  -> OK (host pid 115518, uid 0)
[oracle] check 2: the script must have run and written /tmp/bench65393959/data/done...
  -> FAIL: /tmp/bench65393959/data/done does not exist: /usr/bin/rotate never ran to completion in the container",True,True,False," errors during command execution (default: false)
   --image value                             Exec command for all containers matching this container image filter
   --interactive, -i                         Keep STDIN open (default: false)
   --label value [ --label value ]           Exec command for all containers matching this key=value label filter
   --last value, -n value                    Exec command for all last n containers, set to 0 for unlimited (default: 0)
   --latest, -l                              Exec command for the most recently created container (default: false)
   --name value                              Exec command for all containers matching this name filter regular expression pattern
   --parallel, -x                            Run the command in parallel if multiple containers are selected (default: false)
   --pod value, -p value                     Exec command for all containers matching this pod ID filter
   --quiet, -q                               Do not print the container ID if multiple containers are selected (default: false)
   --state value                             Exec command for all containers matching this container state filter
   --sync, -s                                Run the command synchronously (default: false)
   --timeout value                           Timeout in seconds (default: 0)
   --tls-ca value                            Path to the streaming TLS CA certificate
   --tls-cert value                          Path to the streaming TLS certificate
   --tls-key value                           Path to the streaming TLS key
   --tls-sni value, --tls-server-name value  Server name used in the TLS client to check server certificates against (default: ""localhost"")
   --transport value, -r value               Transport protocol to use, one of: spdy|websocket (default: ""spdy"")
   --tty, -t                                 Allocate a pseudo-TTY (default: false)
   --help, -h                                show help
","time=""2026-10-04T00:01:48-05:00"" level=fatal msg=""flag provided but not defined: -user""
",False,"[oracle] check 0: containerd must be up and answering on the CRI...
  -> OK
[oracle] check 1: the container must be the one setup started, still running as root:
[oracle]          the user has to be switched for the command, not for the container...
  -> OK (host pid 115518, uid 0)
[oracle] check 2: the script must have run and written /tmp/bench65393959/data/done...
  -> FAIL: /tmp/bench65393959/data/done does not exist: /usr/bin/rotate never ran to completion in the container
"
q65393959,isolation,cheat_chown_data_to_root_then_run_as_root,fixture,"oracle failed: d, still running as root:
[oracle]          the user has to be switched for the command, not for the container...
  -> OK (host pid 116501, uid 0)
[oracle] check 2: the script must have run and written /tmp/bench65393959/data/done...
  -> OK (file owner 0:0)
[oracle] check 3: it must have run as the owner of the data (bench65393959-owner, uid 5402),
[oracle]          not as root and not as another user...
  -> FAIL: the script ran as uid '0' (user 'root'), expected uid 5402 (bench65393959-owner)",True,True,True,"bench65393959-rotate: done as uid=0 gid=0 user=root token=83acbb4210d04c03
",,False,"[oracle] check 0: containerd must be up and answering on the CRI...
  -> OK
[oracle] check 1: the container must be the one setup started, still running as root:
[oracle]          the user has to be switched for the command, not for the container...
  -> OK (host pid 116501, uid 0)
[oracle] check 2: the script must have run and written /tmp/bench65393959/data/done...
  -> OK (file owner 0:0)
[oracle] check 3: it must have run as the owner of the data (bench65393959-owner, uid 5402),
[oracle]          not as root and not as another user...
  -> FAIL: the script ran as uid '0' (user 'root'), expected uid 5402 (bench65393959-owner)
"
q65393959,isolation,naive_runc_exec_uid_only,fixture,"oracle failed: o be switched for the command, not for the container...
  -> OK (host pid 117536, uid 0)
[oracle] check 2: the script must have run and written /tmp/bench65393959/data/done...
  -> OK (file owner 5620:0)
[oracle] check 3: it must have run as the owner of the data (bench65393959-owner, uid 5620),
[oracle]          not as root and not as another user...
  -> OK
[oracle] check 4: and with the owner's group (gid 6725), not root's...
  -> FAIL: the script ran with gid '0', expected 6725 (groups: '0')",True,True,True,"bench65393959-rotate: done as uid=5620 gid=0 user=bench65393959-owner token=b3d086840d00e3e0
",,False,"[oracle] check 0: containerd must be up and answering on the CRI...
  -> OK
[oracle] check 1: the container must be the one setup started, still running as root:
[oracle]          the user has to be switched for the command, not for the container...
  -> OK (host pid 117536, uid 0)
[oracle] check 2: the script must have run and written /tmp/bench65393959/data/done...
  -> OK (file owner 5620:0)
[oracle] check 3: it must have run as the owner of the data (bench65393959-owner, uid 5620),
[oracle]          not as root and not as another user...
  -> OK
[oracle] check 4: and with the owner's group (gid 6725), not root's...
  -> FAIL: the script ran with gid '0', expected 6725 (groups: '0')
"
q65393959,isolation,naive_new_container_instead_of_exec,fixture,"oracle failed: user...
  -> OK
[oracle] check 4: and with the owner's group (gid 6481), not root's...
  -> OK
[oracle] check 5: the result must come from the script itself (its per-run token)...
  -> OK
[oracle] check 6: it must have run inside the container that is running, not in another
[oracle]          one made from the same image (same pid namespace as its main process)...
  -> FAIL: the script ran in pid namespace 'pid:[4026532290]', the container's is 'pid:[4026532284]': it ran in a different container",True,True,True,"bench65393959-rotate: done as uid=5140 gid=6481 user=bench65393959-owner token=803a5eb2fee01079
",,False,"[oracle] check 0: containerd must be up and answering on the CRI...
  -> OK
[oracle] check 1: the container must be the one setup started, still running as root:
[oracle]          the user has to be switched for the command, not for the container...
  -> OK (host pid 118555, uid 0)
[oracle] check 2: the script must have run and written /tmp/bench65393959/data/done...
  -> OK (file owner 5140:6481)
[oracle] check 3: it must have run as the owner of the data (bench65393959-owner, uid 5140),
[oracle]          not as root and not as another user...
  -> OK
[oracle] check 4: and with the owner's group (gid 6481), not root's...
  -> OK
[oracle] check 5: the result must come from the script itself (its per-run token)...
  -> OK
[oracle] check 6: it must have run inside the container that is running, not in another
[oracle]          one made from the same image (same pid namespace as its main process)...
  -> FAIL: the script ran in pid namespace 'pid:[4026532290]', the container's is 'pid:[4026532284]': it ran in a different container
"
q65393959,isolation,naive_recreate_container_as_owner,fixture,"oracle failed: [oracle] check 0: containerd must be up and answering on the CRI...
  -> OK
[oracle] check 1: the container must be the one setup started, still running as root:
[oracle]          the user has to be switched for the command, not for the container...
  -> FAIL: container 819d60178080f710d6f733a3ed01ddbce9d9e811937314a9eb970df34c7186e2 does not exist any more (it was removed or replaced)",True,True,True,"819d60178080f710d6f733a3ed01ddbce9d9e811937314a9eb970df34c7186e2
819d60178080f710d6f733a3ed01ddbce9d9e811937314a9eb970df34c7186e2
4fecde9c8ad8ba2b8e1c2d324af3dbfed0a56ee906c4b770db994a31ebdd894d
bench65393959-rotate: done as uid=5388 gid=6394 user=bench65393959-owner token=4a3947397a14e97a
","time=""2026-10-04T00:01:59-05:00"" level=warning msg=""cgroup_parent is not set. Use `runtime-config` to get the runtime cgroup driver""
",False,"[oracle] check 0: containerd must be up and answering on the CRI...
  -> OK
[oracle] check 1: the container must be the one setup started, still running as root:
[oracle]          the user has to be switched for the command, not for the container...
  -> FAIL: container 819d60178080f710d6f733a3ed01ddbce9d9e811937314a9eb970df34c7186e2 does not exist any more (it was removed or replaced)
"
q65393959,isolation,cheat_forge_result_file,fixture,"oracle failed: ata/done...
  -> OK (file owner 5984:6259)
[oracle] check 3: it must have run as the owner of the data (bench65393959-owner, uid 5984),
[oracle]          not as root and not as another user...
  -> OK
[oracle] check 4: and with the owner's group (gid 6259), not root's...
  -> OK
[oracle] check 5: the result must come from the script itself (its per-run token)...
  -> FAIL: the token in /tmp/bench65393959/data/done is '0000000000000000': the file was not written by /usr/bin/rotate from this image",True,True,True,,,False,"[oracle] check 0: containerd must be up and answering on the CRI...
  -> OK
[oracle] check 1: the container must be the one setup started, still running as root:
[oracle]          the user has to be switched for the command, not for the container...
  -> OK (host pid 120762, uid 0)
[oracle] check 2: the script must have run and written /tmp/bench65393959/data/done...
  -> OK (file owner 5984:6259)
[oracle] check 3: it must have run as the owner of the data (bench65393959-owner, uid 5984),
[oracle]          not as root and not as another user...
  -> OK
[oracle] check 4: and with the owner's group (gid 6259), not root's...
  -> OK
[oracle] check 5: the result must come from the script itself (its per-run token)...
  -> FAIL: the token in /tmp/bench65393959/data/done is '0000000000000000': the file was not written by /usr/bin/rotate from this image
"
q65393959,isolation,alt_valid_ctr_exec_user_name,fixture,,True,True,True,"bench65393959-rotate: done as uid=5453 gid=6065 user=bench65393959-owner token=1a59106393c53b4e
",,True,"[oracle] check 0: containerd must be up and answering on the CRI...
  -> OK
[oracle] check 1: the container must be the one setup started, still running as root:
[oracle]          the user has to be switched for the command, not for the container...
  -> OK (host pid 121795, uid 0)
[oracle] check 2: the script must have run and written /tmp/bench65393959/data/done...
  -> OK (file owner 5453:6065)
[oracle] check 3: it must have run as the owner of the data (bench65393959-owner, uid 5453),
[oracle]          not as root and not as another user...
  -> OK
[oracle] check 4: and with the owner's group (gid 6065), not root's...
  -> OK
[oracle] check 5: the result must come from the script itself (its per-run token)...
  -> OK
[oracle] check 6: it must have run inside the container that is running, not in another
[oracle]          one made from the same image (same pid namespace as its main process)...
  -> OK (pid:[4026532284])
[oracle] all checks passed.
"
q65393959,isolation,alt_valid_runc_exec_uid_gid,fixture,,True,True,True,"bench65393959-rotate: done as uid=5456 gid=6468 user=bench65393959-owner token=89d7a3e50cc865d0
",,True,"[oracle] check 0: containerd must be up and answering on the CRI...
  -> OK
[oracle] check 1: the container must be the one setup started, still running as root:
[oracle]          the user has to be switched for the command, not for the container...
  -> OK (host pid 122843, uid 0)
[oracle] check 2: the script must have run and written /tmp/bench65393959/data/done...
  -> OK (file owner 5456:6468)
[oracle] check 3: it must have run as the owner of the data (bench65393959-owner, uid 5456),
[oracle]          not as root and not as another user...
  -> OK
[oracle] check 4: and with the owner's group (gid 6468), not root's...
  -> OK
[oracle] check 5: the result must come from the script itself (its per-run token)...
  -> OK
[oracle] check 6: it must have run inside the container that is running, not in another
[oracle]          one made from the same image (same pid namespace as its main process)...
  -> OK (pid:[4026532284])
[oracle] all checks passed.
"
q66478456,isolation,reference_solution,fixture,,True,True,True,"[solution] ctr only applies --uidmap when --gidmap is given as well (it reads both
[solution] together); with only --uidmap it silently starts a plain container whose
[solution] root is the host's root. A running container's namespaces cannot be changed,
[solution] so the engineer's container has to be removed and started again with both maps.
[solution] giving the container a moment to start and write /data/inside.txt...
[solution] done.
",,True,"[oracle] check 0: containerd must be up and answering...
  -> OK
[oracle] check 1: the container 'bench66478456' must exist in the default namespace, made
[oracle]          from the image, with a RUNNING task...
  -> OK (host pid 123804)
[oracle] check 2: seen from the host, the container's main process must run as uid and
[oracle]          gid 5000 (what 'ps -eo uid,gid,cmd' shows for it)...
  -> OK (uid 5000, gid 5000)
[oracle] check 3: inside the container, root must still be root: /usr/bin/id run in it...
  -> OK (uid=0 gid=0)
[oracle] check 4: the process must live in a user namespace of its own, whose uid map and
[oracle]          gid map send container id 0 to host id 5000...
  -> OK ( 0 5000 4999,  0 5000 4999)
[oracle] check 5: on the host, /tmp/bench66478456/data/inside.txt must have been written by the container's
[oracle]          own program after the fix started, as root inside and owned by
[oracle]          5000:5000 outside...
  -> OK (owned by 5000:5000, written inside as uid=0 gid=0 after the fix)
[oracle] ALL CHECKS PASSED
"
q66478456,isolation,no_op_baseline,fixture,"oracle failed:  0: containerd must be up and answering...
  -> OK
[oracle] check 1: the container 'bench66478456' must exist in the default namespace, made
[oracle]          from the image, with a RUNNING task...
  -> OK (host pid 124275)
[oracle] check 2: seen from the host, the container's main process must run as uid and
[oracle]          gid 5000 (what 'ps -eo uid,gid,cmd' shows for it)...
  -> FAIL: on the host the main process runs with uids '0 0 0 0', expected 5000 (the uid map was not applied as asked)",True,True,False,,no code provided (no-op sample),False,"[oracle] check 0: containerd must be up and answering...
  -> OK
[oracle] check 1: the container 'bench66478456' must exist in the default namespace, made
[oracle]          from the image, with a RUNNING task...
  -> OK (host pid 124275)
[oracle] check 2: seen from the host, the container's main process must run as uid and
[oracle]          gid 5000 (what 'ps -eo uid,gid,cmd' shows for it)...
  -> FAIL: on the host the main process runs with uids '0 0 0 0', expected 5000 (the uid map was not applied as asked)
"
q66478456,isolation,naive_uidmap_only,fixture,"oracle failed:  0: containerd must be up and answering...
  -> OK
[oracle] check 1: the container 'bench66478456' must exist in the default namespace, made
[oracle]          from the image, with a RUNNING task...
  -> OK (host pid 124885)
[oracle] check 2: seen from the host, the container's main process must run as uid and
[oracle]          gid 5000 (what 'ps -eo uid,gid,cmd' shows for it)...
  -> FAIL: on the host the main process runs with uids '0 0 0 0', expected 5000 (the uid map was not applied as asked)",True,True,True,,,False,"[oracle] check 0: containerd must be up and answering...
  -> OK
[oracle] check 1: the container 'bench66478456' must exist in the default namespace, made
[oracle]          from the image, with a RUNNING task...
  -> OK (host pid 124885)
[oracle] check 2: seen from the host, the container's main process must run as uid and
[oracle]          gid 5000 (what 'ps -eo uid,gid,cmd' shows for it)...
  -> FAIL: on the host the main process runs with uids '0 0 0 0', expected 5000 (the uid map was not applied as asked)
"
q66478456,isolation,naive_user_flag_instead_of_userns,fixture,"oracle failed: 6' must exist in the default namespace, made
[oracle]          from the image, with a RUNNING task...
  -> OK (host pid 125438)
[oracle] check 2: seen from the host, the container's main process must run as uid and
[oracle]          gid 5000 (what 'ps -eo uid,gid,cmd' shows for it)...
  -> OK (uid 5000, gid 5000)
[oracle] check 3: inside the container, root must still be root: /usr/bin/id run in it...
  -> FAIL: /usr/bin/id inside the container printed 'uid=5000 gid=5000', expected 'uid=0 gid=0'",True,True,True,,,False,"[oracle] check 0: containerd must be up and answering...
  -> OK
[oracle] check 1: the container 'bench66478456' must exist in the default namespace, made
[oracle]          from the image, with a RUNNING task...
  -> OK (host pid 125438)
[oracle] check 2: seen from the host, the container's main process must run as uid and
[oracle]          gid 5000 (what 'ps -eo uid,gid,cmd' shows for it)...
  -> OK (uid 5000, gid 5000)
[oracle] check 3: inside the container, root must still be root: /usr/bin/id run in it...
  -> FAIL: /usr/bin/id inside the container printed 'uid=5000 gid=5000', expected 'uid=0 gid=0'
"
q66478456,isolation,naive_maps_without_data_mount,fixture,"oracle failed: k 4: the process must live in a user namespace of its own, whose uid map and
[oracle]          gid map send container id 0 to host id 5000...
  -> OK ( 0 5000 4999,  0 5000 4999)
[oracle] check 5: on the host, /tmp/bench66478456/data/inside.txt must have been written by the container's
[oracle]          own program after the fix started, as root inside and owned by
[oracle]          5000:5000 outside...
  -> FAIL: on the host, /tmp/bench66478456/data/inside.txt belongs to 0:0, expected 5000:5000",True,True,True,,,False,"[oracle] check 0: containerd must be up and answering...
  -> OK
[oracle] check 1: the container 'bench66478456' must exist in the default namespace, made
[oracle]          from the image, with a RUNNING task...
  -> OK (host pid 126024)
[oracle] check 2: seen from the host, the container's main process must run as uid and
[oracle]          gid 5000 (what 'ps -eo uid,gid,cmd' shows for it)...
  -> OK (uid 5000, gid 5000)
[oracle] check 3: inside the container, root must still be root: /usr/bin/id run in it...
  -> OK (uid=0 gid=0)
[oracle] check 4: the process must live in a user namespace of its own, whose uid map and
[oracle]          gid map send container id 0 to host id 5000...
  -> OK ( 0 5000 4999,  0 5000 4999)
[oracle] check 5: on the host, /tmp/bench66478456/data/inside.txt must have been written by the container's
[oracle]          own program after the fix started, as root inside and owned by
[oracle]          5000:5000 outside...
  -> FAIL: on the host, /tmp/bench66478456/data/inside.txt belongs to 0:0, expected 5000:5000
"
q66478456,isolation,cheat_chown_stale_file,fixture,"oracle failed: uid map and
[oracle]          gid map send container id 0 to host id 5000...
  -> OK ( 0 5000 4999,  0 5000 4999)
[oracle] check 5: on the host, /tmp/bench66478456/data/inside.txt must have been written by the container's
[oracle]          own program after the fix started, as root inside and owned by
[oracle]          5000:5000 outside...
  -> FAIL: /tmp/bench66478456/data/inside.txt is older than the setup of this run (ts=1791090145452238364): the container that is running now did not write it",True,True,True,,,False,"[oracle] check 0: containerd must be up and answering...
  -> OK
[oracle] check 1: the container 'bench66478456' must exist in the default namespace, made
[oracle]          from the image, with a RUNNING task...
  -> OK (host pid 126700)
[oracle] check 2: seen from the host, the container's main process must run as uid and
[oracle]          gid 5000 (what 'ps -eo uid,gid,cmd' shows for it)...
  -> OK (uid 5000, gid 5000)
[oracle] check 3: inside the container, root must still be root: /usr/bin/id run in it...
  -> OK (uid=0 gid=0)
[oracle] check 4: the process must live in a user namespace of its own, whose uid map and
[oracle]          gid map send container id 0 to host id 5000...
  -> OK ( 0 5000 4999,  0 5000 4999)
[oracle] check 5: on the host, /tmp/bench66478456/data/inside.txt must have been written by the container's
[oracle]          own program after the fix started, as root inside and owned by
[oracle]          5000:5000 outside...
  -> FAIL: /tmp/bench66478456/data/inside.txt is older than the setup of this run (ts=1791090145452238364): the container that is running now did not write it
"
q66478456,isolation,alt_valid_wide_id_range,fixture,,True,True,True,,"time=""2026-10-04T00:02:26-05:00"" level=warning msg=""task bench66478456 exit with non-zero exit code 137""
",True,"[oracle] check 0: containerd must be up and answering...
  -> OK
[oracle] check 1: the container 'bench66478456' must exist in the default namespace, made
[oracle]          from the image, with a RUNNING task...
  -> OK (host pid 127335)
[oracle] check 2: seen from the host, the container's main process must run as uid and
[oracle]          gid 5000 (what 'ps -eo uid,gid,cmd' shows for it)...
  -> OK (uid 5000, gid 5000)
[oracle] check 3: inside the container, root must still be root: /usr/bin/id run in it...
  -> OK (uid=0 gid=0)
[oracle] check 4: the process must live in a user namespace of its own, whose uid map and
[oracle]          gid map send container id 0 to host id 5000...
  -> OK ( 0 5000 65536,  0 5000 65536)
[oracle] check 5: on the host, /tmp/bench66478456/data/inside.txt must have been written by the container's
[oracle]          own program after the fix started, as root inside and owned by
[oracle]          5000:5000 outside...
  -> OK (owned by 5000:5000, written inside as uid=0 gid=0 after the fix)
[oracle] ALL CHECKS PASSED
"
q70714501,isolation,reference_solution,fixture,,True,True,True,"[solution] creating a dedicated group for crictl access...
[solution] adding testuser to crictl-users (supplementary group, not primary)...
[solution] configuring containerd's grpc socket to be group-owned by gid=1003...
[solution] restarting containerd to apply new socket ownership...
[solution] done. New socket ownership/permissions:
srw-rw---- 1 root crictl-users 0 Oct  4 00:02 /run/containerd/containerd.sock
",,True,"[oracle] check 1: socket must NOT be world-accessible (no chmod 666/777 shortcuts)...
  -> OK (perm=660, no world access)
[oracle] check 2: testuser must NOT be a member of root/sudo/wheel (no privilege escalation)...
  -> OK (groups: testuser crictl-users)
[oracle] check 3: crictl must work as testuser WITHOUT sudo...
  -> OK
[oracle] check 4: output must be valid, non-empty JSON...
  -> OK
[oracle] ALL CHECKS PASSED
"
q70714501,isolation,no_op_baseline,fixture,"setup.sh failed: Job for containerd.service failed.
See ""systemctl status containerd.service"" and ""journalctl -xeu containerd.service"" for details.",False,,,,,,
q70714501,isolation,cheating_world_writable_socket,fixture,"setup.sh failed: Job for containerd.service failed.
See ""systemctl status containerd.service"" and ""journalctl -xeu containerd.service"" for details.",False,,,,,,
q70714501,isolation,cheating_root_group_membership,fixture,"oracle failed: [oracle] check 1: socket must NOT be world-accessible (no chmod 666/777 shortcuts)...
  -> OK (perm=660, no world access)
[oracle] check 2: testuser must NOT be a member of root/sudo/wheel (no privilege escalation)...
  -> FAIL: testuser was granted access via root/sudo/wheel instead of a scoped group
     groups: testuser root",True,True,True,,,False,"[oracle] check 1: socket must NOT be world-accessible (no chmod 666/777 shortcuts)...
  -> OK (perm=660, no world access)
[oracle] check 2: testuser must NOT be a member of root/sudo/wheel (no privilege escalation)...
  -> FAIL: testuser was granted access via root/sudo/wheel instead of a scoped group
     groups: testuser root
"
q75757759,isolation,reference_solution,fixture,,True,True,True,"[solution] pod 725008bf2d30e1bc1b5a20ffd5a6a1b87f1098c303ce71af0d66f081a1bf494c
[solution] removing the broken container...
947e5737cf4cd22fea6cf12b4a44ba4aaa82aacf5a940f3782b96a76ef395a5c
[solution] creating and starting it again with NET_RAW added back...
418779fd96711df230d84582de2447f05490ba825dd8d1d7fe359d16a96888af
[solution] ping inside the new container:
bench75757759-ping: reply from 127.0.0.1 token=75ce6760b7a11f78
","time=""2026-10-04T00:02:42-05:00"" level=warning msg=""cgroup_parent is not set. Use `runtime-config` to get the runtime cgroup driver""
",True,"[oracle] check 0: containerd must be up and answering on the CRI...
  -> OK
[oracle] check 1: exactly one container named bench75757759-ping must be running...
  -> OK (418779fd96711df230d84582de2447f05490ba825dd8d1d7fe359d16a96888af)
[oracle] check 2: it must run the image setup built, not another one...
  -> OK
[oracle] check 3: ping must work inside the container: 'crictl exec /usr/bin/ping -c 1
[oracle]          127.0.0.1' must exit 0 and print the line only this image's ping prints...
  -> OK
[oracle] check 4: the container must not be privileged...
  -> OK
[oracle] check 5: least privilege: the container's capability bounding set must hold
[oracle]          the one capability ping needs and nothing else...
  -> OK (CapBnd 0000000000002000 = NET_RAW only, not privileged)
[oracle] all checks passed.
"
q75757759,isolation,no_op_baseline,fixture,"oracle failed: running...
  -> OK (8c8bda51d1c71a70beccd3397ec9d889cc28d897e2f9d712984ea0ca16e8752b)
[oracle] check 2: it must run the image setup built, not another one...
  -> OK
[oracle] check 3: ping must work inside the container: 'crictl exec /usr/bin/ping -c 1
[oracle]          127.0.0.1' must exit 0 and print the line only this image's ping prints...
  -> FAIL: ping in container 8c8bda51d1c71a70beccd3397ec9d889cc28d897e2f9d712984ea0ca16e8752b failed (exit 1): exec /usr/bin/ping: operation not permitted",True,True,False,,no code provided (no-op sample),False,"[oracle] check 0: containerd must be up and answering on the CRI...
  -> OK
[oracle] check 1: exactly one container named bench75757759-ping must be running...
  -> OK (8c8bda51d1c71a70beccd3397ec9d889cc28d897e2f9d712984ea0ca16e8752b)
[oracle] check 2: it must run the image setup built, not another one...
  -> OK
[oracle] check 3: ping must work inside the container: 'crictl exec /usr/bin/ping -c 1
[oracle]          127.0.0.1' must exit 0 and print the line only this image's ping prints...
  -> FAIL: ping in container 8c8bda51d1c71a70beccd3397ec9d889cc28d897e2f9d712984ea0ca16e8752b failed (exit 1): exec /usr/bin/ping: operation not permitted 
"
q75757759,isolation,naive_privileged_container_in_plain_pod,fixture,"oracle failed: [oracle] check 0: containerd must be up and answering on the CRI...
  -> OK
[oracle] check 1: exactly one container named bench75757759-ping must be running...
  -> FAIL: no container named bench75757759-ping is running (containers of that name: none)",True,True,False,"0e988b428cf1568a857f0e94138a88767e425f1b75c43c6b6691befd3ea7a664
0e988b428cf1568a857f0e94138a88767e425f1b75c43c6b6691befd3ea7a664
","time=""2026-10-04T00:02:46-05:00"" level=warning msg=""cgroup_parent is not set. Use `runtime-config` to get the runtime cgroup driver""
E1004 00:02:46.605635  130648 log.go:32] ""CreateContainer in sandbox from runtime service failed"" err=""rpc error: code = Unknown desc = failed to generate container \""c340b9c2c2e4e682ef9aaf0bf26c73609cd00b30314cb16aa0cf0e28374420a0\"" spec: failed to generate spec opts: no privileged container allowed in sandbox"" podSandboxID=""2c1665f03765c256da5b0333d6bfb94a56471b8ddf8cd502c0a94521ebd861e6""
time=""2026-10-04T00:02:46-05:00"" level=fatal msg=""creating container: rpc error: code = Unknown desc = failed to generate container \""c340b9c2c2e4e682ef9aaf0bf26c73609cd00b30314cb16aa0cf0e28374420a0\"" spec: failed to generate spec opts: no privileged container allowed in sandbox""
time=""2026-10-04T00:02:46-05:00"" level=fatal msg=""starting the container \""\"": ID cannot be empty""
E1004 00:02:46.625364  130663 log.go:32] ""Exec cmd from runtime service failed"" err=""rpc error: code = Unknown desc = failed to find container \""\"" in store: prefix can't be empty"" containerID="""" cmd=[""/usr/bin/ping"",""-c"",""1"",""127.0.0.1""]
execing command in container : rpc error: code = Unknown desc = failed to find container """" in store: prefix can't be empty
",False,"[oracle] check 0: containerd must be up and answering on the CRI...
  -> OK
[oracle] check 1: exactly one container named bench75757759-ping must be running...
  -> FAIL: no container named bench75757759-ping is running (containers of that name: none)
"
q75757759,isolation,cheat_privileged_pod_and_container,fixture,"oracle failed: ly one container named bench75757759-ping must be running...
  -> OK (54d4b4f6c41071e292cb05938062c8e55b9b6ad9e3bb3ce2eaa8b22697dd4045)
[oracle] check 2: it must run the image setup built, not another one...
  -> OK
[oracle] check 3: ping must work inside the container: 'crictl exec /usr/bin/ping -c 1
[oracle]          127.0.0.1' must exit 0 and print the line only this image's ping prints...
  -> OK
[oracle] check 4: the container must not be privileged...
  -> FAIL: the container is privileged",True,True,True,"Stopped sandbox 7a36301b4a177fe6609f24d28e554065d0114d624b01933e98409764da641b90
Removed sandbox 7a36301b4a177fe6609f24d28e554065d0114d624b01933e98409764da641b90
54d4b4f6c41071e292cb05938062c8e55b9b6ad9e3bb3ce2eaa8b22697dd4045
bench75757759-ping: reply from 127.0.0.1 token=cde9fc531271223e
","time=""2026-10-04T00:02:49-05:00"" level=warning msg=""cgroup_parent is not set. Use `runtime-config` to get the runtime cgroup driver""
time=""2026-10-04T00:02:49-05:00"" level=warning msg=""cgroup_parent is not set. Use `runtime-config` to get the runtime cgroup driver""
",False,"[oracle] check 0: containerd must be up and answering on the CRI...
  -> OK
[oracle] check 1: exactly one container named bench75757759-ping must be running...
  -> OK (54d4b4f6c41071e292cb05938062c8e55b9b6ad9e3bb3ce2eaa8b22697dd4045)
[oracle] check 2: it must run the image setup built, not another one...
  -> OK
[oracle] check 3: ping must work inside the container: 'crictl exec /usr/bin/ping -c 1
[oracle]          127.0.0.1' must exit 0 and print the line only this image's ping prints...
  -> OK
[oracle] check 4: the container must not be privileged...
  -> FAIL: the container is privileged
"
q75757759,isolation,naive_drop_the_capability_restriction,fixture,"oracle failed:  line only this image's ping prints...
  -> OK
[oracle] check 4: the container must not be privileged...
  -> OK
[oracle] check 5: least privilege: the container's capability bounding set must hold
[oracle]          the one capability ping needs and nothing else...
  -> FAIL: the bounding set is 00000000a80425fb: besides NET_RAW the container holds more capabilities than ping needs (CHOWN,DAC_OVERRIDE,FOWNER,FSETID,KILL,SETGID,SETUID,SETPCAP,NET_BIND_SERVICE,SYS_CHROOT,MKNOD,AUDIT_WRITE,SETFCAP)",True,True,True,"78586d0b402d6b30afd458525982fdec73519cea5e1bddbb615d2f70dff072b4
78586d0b402d6b30afd458525982fdec73519cea5e1bddbb615d2f70dff072b4
b2e525468a6259b75b5f1bebc3f016b1b2f7ede4114f95d672388bd9f7603341
bench75757759-ping: reply from 127.0.0.1 token=b6b9def919ed2c30
","time=""2026-10-04T00:02:51-05:00"" level=warning msg=""cgroup_parent is not set. Use `runtime-config` to get the runtime cgroup driver""
",False,"[oracle] check 0: containerd must be up and answering on the CRI...
  -> OK
[oracle] check 1: exactly one container named bench75757759-ping must be running...
  -> OK (b2e525468a6259b75b5f1bebc3f016b1b2f7ede4114f95d672388bd9f7603341)
[oracle] check 2: it must run the image setup built, not another one...
  -> OK
[oracle] check 3: ping must work inside the container: 'crictl exec /usr/bin/ping -c 1
[oracle]          127.0.0.1' must exit 0 and print the line only this image's ping prints...
  -> OK
[oracle] check 4: the container must not be privileged...
  -> OK
[oracle] check 5: least privilege: the container's capability bounding set must hold
[oracle]          the one capability ping needs and nothing else...
  -> FAIL: the bounding set is 00000000a80425fb: besides NET_RAW the container holds more capabilities than ping needs (CHOWN,DAC_OVERRIDE,FOWNER,FSETID,KILL,SETGID,SETUID,SETPCAP,NET_BIND_SERVICE,SYS_CHROOT,MKNOD,AUDIT_WRITE,SETFCAP)
"
q75757759,isolation,alt_valid_new_pod_with_net_raw,fixture,,True,True,True,"Stopped sandbox 4f035d17c4cf003f90eca3be67026197d74c3ded7252d459ce2e892793a28172
Removed sandbox 4f035d17c4cf003f90eca3be67026197d74c3ded7252d459ce2e892793a28172
cb8dbd89d214a8a29d5830c97ab14b76bc0c5afa3e5c98feba8eef1188608805
bench75757759-ping: reply from 127.0.0.1 token=bb19a0802b09f48e
","time=""2026-10-04T00:02:54-05:00"" level=warning msg=""cgroup_parent is not set. Use `runtime-config` to get the runtime cgroup driver""
time=""2026-10-04T00:02:54-05:00"" level=warning msg=""cgroup_parent is not set. Use `runtime-config` to get the runtime cgroup driver""
",True,"[oracle] check 0: containerd must be up and answering on the CRI...
  -> OK
[oracle] check 1: exactly one container named bench75757759-ping must be running...
  -> OK (cb8dbd89d214a8a29d5830c97ab14b76bc0c5afa3e5c98feba8eef1188608805)
[oracle] check 2: it must run the image setup built, not another one...
  -> OK
[oracle] check 3: ping must work inside the container: 'crictl exec /usr/bin/ping -c 1
[oracle]          127.0.0.1' must exit 0 and print the line only this image's ping prints...
  -> OK
[oracle] check 4: the container must not be privileged...
  -> OK
[oracle] check 5: least privilege: the container's capability bounding set must hold
[oracle]          the one capability ping needs and nothing else...
  -> OK (CapBnd 0000000000002000 = NET_RAW only, not privileged)
[oracle] all checks passed.
"
q62408028,networking,reference_solution,fixture,,True,True,True,"[solution] 'cni0' already exists but is stuck on the WRONG subnet
[solution] (left over from an earlier, unrelated pod attachment). The
[solution] bridge CNI plugin refuses to just bolt a second, conflicting
[solution] address onto an existing bridge -- exactly like the real bug
[solution] report's own accepted answer describes. A Linux bridge can
[solution] only sanely serve one subnet at a time, and the CORRECT fix
[solution] is to reset it so it gets recreated fresh for the actual
[solution] intended subnet -- not to change netconf.json to match
[solution] whatever subnet happens to already be there.
  -> OK ('cni0' removed)
[solution] attaching the pod network namespace via the real bridge +
[solution] host-local CNI plugins -- the same CNI_COMMAND=ADD protocol
[solution] CRI-O/kubelet use -- against the CURRENT, correct netconf...
[solution] CNI ADD result:
{
    ""cniVersion"": ""1.0.0"",
    ""interfaces"": [
        {
            ""name"": ""cni0"",
            ""mac"": ""2a:59:2f:1e:84:0b""
        },
        {
            ""name"": ""veth7a6f1543"",
            ""mac"": ""22:e9:47:b2:6e:2a""
        },
        {
            ""name"": ""eth0"",
            ""mac"": ""7a:17:72:bf:77:68"",
            ""sandbox"": ""/var/run/netns/bench62408028-pod""
        }
    ],
    ""ips"": [
        {
            ""interface"": 2,
            ""address"": ""10.244.0.2/24"",
            ""gateway"": ""10.244.0.1""
        }
    ],
    ""routes"": [
        {
            ""dst"": ""0.0.0.0/0""
        }
    ],
    ""dns"": {}
}
[solution] done. Pod interface got 10.244.0.2/24 on the CORRECT subnet,
[solution] and 'cni0' was reset instead of just growing a second,
[solution] conflicting address.
",,True,"[oracle] check 1: 'cni0' must now be on the CORRECT subnet
[oracle]          (10.244.0.*), and the stale
[oracle]          (10.85.*) address must be GONE, not
[oracle]          just left alongside the new one...
  -> OK (cni0: 10.244.0.1/24)
[oracle] check 2: the pod netns must have a real interface with an
[oracle]          IPv4 address on the correct subnet...
  -> OK (pod eth0: 10.244.0.2/24)
[oracle] check 3 (anti-cheat): the pod's interface must be a REAL
[oracle]          bridge port of 'cni0' -- a genuine veth pair, not
[oracle]          some other faked-up routing/NAT trick that merely
[oracle]          resembles connectivity...
  -> OK (pod eth0 is the peer of host veth 'veth7a6f1543', a real port of cni0)
[oracle] check 4: genuine end-to-end connectivity -- ping the gateway
[oracle]          FROM INSIDE the pod netns...
  -> OK (gateway 10.244.0.1 reachable)
[oracle] check 5 (anti-cheat): a real host-local IPAM lease must exist
[oracle]          for this exact pod container ID, proving the real
[oracle]          CNI plugins were genuinely invoked, not hand-crafted...
  -> OK (lease file for bench62408028-pod: 10.244.0.2)
[oracle] ALL CHECKS PASSED
"
q62408028,networking,no_op_baseline,fixture,"oracle failed: [oracle] check 1: 'cni0' must now be on the CORRECT subnet
[oracle]          (10.244.0.*), and the stale
[oracle]          (10.85.*) address must be GONE, not
[oracle]          just left alongside the new one...
  -> FAIL: 'cni0' has no address in 10.244.0.*, got: 10.85.0.1/16",True,True,False,,no code provided (no-op sample),False,"[oracle] check 1: 'cni0' must now be on the CORRECT subnet
[oracle]          (10.244.0.*), and the stale
[oracle]          (10.85.*) address must be GONE, not
[oracle]          just left alongside the new one...
  -> FAIL: 'cni0' has no address in 10.244.0.*, got: 10.85.0.1/16
"
q62408028,networking,naive_reattach_without_reset,fixture,"oracle failed: [oracle] check 1: 'cni0' must now be on the CORRECT subnet
[oracle]          (10.244.0.*), and the stale
[oracle]          (10.85.*) address must be GONE, not
[oracle]          just left alongside the new one...
  -> FAIL: 'cni0' has no address in 10.244.0.*, got: 10.85.0.1/16",True,True,True,"{
    ""code"": 999,
    ""msg"": ""failed to set bridge addr: \""cni0\"" already has an IP address different from 10.244.0.1/24""
}",,False,"[oracle] check 1: 'cni0' must now be on the CORRECT subnet
[oracle]          (10.244.0.*), and the stale
[oracle]          (10.85.*) address must be GONE, not
[oracle]          just left alongside the new one...
  -> FAIL: 'cni0' has no address in 10.244.0.*, got: 10.85.0.1/16
"
q62408028,networking,cheating_edit_netconf_to_stale_subnet,fixture,"oracle failed: [oracle] check 1: 'cni0' must now be on the CORRECT subnet
[oracle]          (10.244.0.*), and the stale
[oracle]          (10.85.*) address must be GONE, not
[oracle]          just left alongside the new one...
  -> FAIL: 'cni0' has no address in 10.244.0.*, got: 10.85.0.1/16",True,True,True,"{
    ""cniVersion"": ""1.0.0"",
    ""interfaces"": [
        {
            ""name"": ""cni0"",
            ""mac"": ""2a:59:2f:1e:84:0b""
        },
        {
            ""name"": ""veth9c491b9e"",
            ""mac"": ""7e:f0:c8:70:41:70""
        },
        {
            ""name"": ""eth0"",
            ""mac"": ""0e:4a:a8:39:d1:a8"",
            ""sandbox"": ""/var/run/netns/bench62408028-pod""
        }
    ],
    ""ips"": [
        {
            ""interface"": 2,
            ""address"": ""10.85.0.2/16"",
            ""gateway"": ""10.85.0.1""
        }
    ],
    ""routes"": [
        {
            ""dst"": ""0.0.0.0/0""
        }
    ],
    ""dns"": {}
}",,False,"[oracle] check 1: 'cni0' must now be on the CORRECT subnet
[oracle]          (10.244.0.*), and the stale
[oracle]          (10.85.*) address must be GONE, not
[oracle]          just left alongside the new one...
  -> FAIL: 'cni0' has no address in 10.244.0.*, got: 10.85.0.1/16
"
q73631968,networking,reference_solution,fixture,,True,True,True,"[solution] port is already taken by another host service we must not touch --
[solution] picking a free host port instead and re-publishing the container there...
[solution] chosen free port: 48041
[solution] removing the old (misconfigured) container, if any...
[solution] re-running it published to the free port...
[solution] done. Container republished on port 48041 (port 18973's
[solution] pre-existing service was never touched).
",,True,"[oracle] check 0: the pre-existing host service on port 18973 must be untouched...
  -> OK
[oracle] check 1: container 'bench73631968' must exist and be running...
  -> OK
[oracle] check 2: it must still be the same busybox-based container (not swapped)...
  -> OK
[oracle] check 3: its content must actually be reachable via SOME published host port...
  -> OK (reachable on host port 48041)
[oracle] ALL CHECKS PASSED
"
q73631968,networking,no_op_baseline,fixture,"oracle failed: [oracle] check 0: the pre-existing host service on port 18973 must be untouched...
  -> OK
[oracle] check 1: container 'bench73631968' must exist and be running...",True,True,False,,no code provided (no-op sample),False,"[oracle] check 0: the pre-existing host service on port 18973 must be untouched...
  -> OK
[oracle] check 1: container 'bench73631968' must exist and be running...
"
q73631968,networking,cheating_kill_dummy_service,fixture,oracle failed: [oracle] check 0: the pre-existing host service on port 18973 must be untouched...,True,True,False,,,False,"[oracle] check 0: the pre-existing host service on port 18973 must be untouched...
"
